"","PlotName","Species","Year","Date_Time","GDD"
"1","Bloomfield+A1","BEPA",2016,2016-07-21,559.75
"2","Bloomfield+A3","VAAN",2016,2016-07-21,559.75
"3","Bloomfield+A7","BEPA",2016,2016-07-19,536.25
"4","Bloomfield+A7","VAAN",2016,2016-07-19,536.25
"5","Bloomfield+A9","VAAN",2016,2016-07-21,559.75
"6","Bloomfield+C10","VAAN",2016,2016-07-22,570.75
"7","Bloomfield+C12","VAAN",2016,2016-07-20,547.75
"8","Bloomfield+C14","VAAN",2016,2016-07-22,570.75
"9","Bloomfield+C2","BEPA",2016,2016-07-21,559.75
"10","Bloomfield+C2","VAAN",2016,2016-07-21,559.75
"11","Bloomfield+C4","BEPA",2016,2016-07-21,559.75
"12","Bloomfield+C4","VAAN",2016,2016-07-21,559.75
"13","Bloomfield+C6","BEPA",2016,2016-07-21,559.75
"14","Bloomfield+C6","VAAN",2016,2016-07-21,559.75
"15","Bloomfield+C8","BEPA",2016,2016-07-20,547.75
"16","Bloomfield+E1","BEPA",2016,2016-07-22,570.75
"17","Bloomfield+E1","VAAN",2016,2016-07-22,570.75
"18","Bloomfield+F1","VAAN",2016,2016-07-21,559.75
"19","Bloomfield+F11","VAAN",2016,2016-07-20,547.75
"20","Bloomfield+F13","BEPA",2016,2016-07-20,547.75
"21","Bloomfield+F13","VAAN",2016,2016-07-20,547.75
"22","Bloomfield+F3","VAAN",2016,2016-07-20,547.75
"23","Bloomfield+F5","ABBA",2016,2016-07-20,547.75
"24","Bloomfield+F5","BEPA",2016,2016-07-20,547.75
"25","Bloomfield+F5","VAAN",2016,2016-07-20,547.75
"26","Bloomfield+F9","VAAN",2016,2016-07-22,570.75
"27","Bloomfield+G14","VAAN",2016,2016-07-22,570.75
"28","Bloomfield+I10","VAAN",2016,2016-07-20,547.75
"29","Bloomfield+I12","VAAN",2016,2016-07-19,536.25
"30","Bloomfield+I14","VAAN",2016,2016-07-20,547.75
"31","Bloomfield+I2","VAAN",2016,2016-07-19,536.25
"32","Bloomfield+I4","VAAN",2016,2016-07-19,536.25
"33","Bloomfield+I6","VAAN",2016,2016-07-19,536.25
"34","Bloomfield+I8","VAAN",2016,2016-07-19,536.25
"35","Bloomfield+J1","ABBA",2016,2016-07-19,536.25
"36","Bloomfield+J1","VAAN",2016,2016-07-19,536.25
"37","Bloomfield+K1","VAAN",2016,2016-07-18,522.75
"38","Bloomfield+L10","VAAN",2016,2016-07-21,559.75
"39","Bloomfield+L12","VAAN",2016,2016-07-21,559.75
"40","Bloomfield+L14","VAAN",2016,2016-07-21,559.75
"41","Bloomfield+L2","VAAN",2016,2016-07-20,547.75
"42","Bloomfield+L4","VAAN",2016,2016-07-22,570.75
"43","Bloomfield+L6","VAAN",2016,2016-07-18,522.75
"44","Bloomfield+N1","ACRU",2016,2016-07-18,522.75
"45","Bloomfield+N1","VAAN",2016,2016-07-18,522.75
"46","Bloomfield+N11","BEPA",2016,2016-07-18,522.75
"47","Bloomfield+N11","VAAN",2016,2016-07-18,522.75
"48","Bloomfield+N13","VAAN",2016,2016-07-18,522.75
"49","Bloomfield+N3","BEPA",2016,2016-07-21,559.75
"50","Bloomfield+N3","VAAN",2016,2016-07-21,559.75
"51","Bloomfield+N5","VAAN",2016,2016-07-21,559.75
"52","Bloomfield+N7","ACRU",2016,2016-07-21,559.75
"53","Bloomfield+N7","VAAN",2016,2016-07-21,559.75
"54","Bloomfield+N9","VAAN",2016,2016-07-21,559.75
"55","Bloomfield+C10","ACRU",2016,2016-07-22,570.75
"56","Bloomfield+A1","ACRU",2016,2016-07-21,559.75
"57","Bloomfield+C2","ACRU",2016,2016-07-21,559.75
"58","Bloomfield+F9","ACRU",2016,2016-07-22,570.75
"59","Bloomfield+L14","BEPA",2016,2016-07-21,559.75
"60","Bloomfield+H14","VAAN",2016,2016-07-22,570.75
"61","Bloomfield+N5","ACRU",2016,2016-07-21,559.75
"62","Bloomfield+N5","BEPA",2016,2016-07-21,559.75
"63","Bloomfield+D1","VAAN",2016,2016-07-22,570.75
"64","Bloomfield+N9","ACRU",2016,2016-07-21,559.75
"65","Bloomfield+A11","VAAN",2016,2016-07-19,536.25
"66","Bloomfield+A13","ACRU",2016,2016-07-19,536.25
"67","Bloomfield+A13","VAAN",2016,2016-07-19,536.25
"68","Bloomfield+A5","VAAN",2016,2016-07-19,536.25
"69","Bloomfield+B14","VAAN",2016,2016-07-19,536.25
"70","Bloomfield+C8","VAAN",2016,2016-07-20,547.75
"71","Bloomfield+F3","ACRU",2016,2016-07-20,547.75
"72","Bloomfield+F7","VAAN",2016,2016-07-20,547.75
"73","Bloomfield+I2","ACRU",2016,2016-07-19,536.25
"74","Bloomfield+I4","ABBA",2016,2016-07-19,536.25
"75","Bloomfield+J1","ACRU",2016,2016-07-19,536.25
"76","Bloomfield+L8","VAAN",2016,2016-07-18,522.75
"77","Bloomfield+M14","VAAN",2016,2016-07-20,547.75
"78","Bloomfield+N1","BEPA",2016,2016-07-18,522.75
"79","Bloomfield+N13","BEPA",2016,2016-07-18,522.75
"80","Bloomfield+I6","VAAN",2017,2017-07-27,601.5
"81","Bloomfield+N3","VAAN",2017,2017-07-27,601.5
"82","Bloomfield+C4","BEPA",2017,2017-07-27,601.5
"83","Bloomfield+C8","VAAN",2017,2017-07-27,601.5
"84","Bloomfield+E1","BEPA",2017,2017-07-27,601.5
"85","Bloomfield+C6","BEPA",2017,2017-07-27,601.5
"86","Bloomfield+C2","BEPA",2017,2017-07-27,601.5
"87","Bloomfield+A7","VAAN",2017,2017-07-16,461.75
"88","Bloomfield+J1","VAAN",2017,2017-07-27,601.5
"89","Bloomfield+C6","VAAN",2017,2017-07-27,601.5
"90","Bloomfield+C4","VAAN",2017,2017-07-27,601.5
"91","Bloomfield+C2","VAAN",2017,2017-07-27,601.5
"92","Bloomfield+F13","VAAN",2017,2017-07-27,601.5
"93","Bloomfield+E1","VAAN",2017,2017-07-27,601.5
"94","Bloomfield+N7","VAAN",2017,2017-07-27,601.5
"95","Bloomfield+I10","VAAN",2017,2017-07-27,601.5
"96","Bloomfield+N3","BEPA",2017,2017-07-27,601.5
"97","Bloomfield+C2","ACRU",2017,2017-07-27,601.5
"98","Bloomfield+C8","ABBA",2017,2017-07-27,601.5
"99","Bloomfield+I6","BEPA",2017,2017-07-27,601.5
"100","Bloomfield+F5","BEPA",2017,2017-07-19,509
"101","Bloomfield+I6","ACRU",2017,2017-07-27,601.5
"102","Bloomfield+N1","VAAN",2017,2017-07-16,461.75
"103","Bloomfield+A7","ACRU",2017,2017-07-16,461.75
"104","Bloomfield+F13","ABBA",2017,2017-07-27,601.5
"105","Bloomfield+F13","BEPA",2017,2017-07-27,601.5
"106","Bloomfield+A1","BEPA",2017,2017-07-24,570.5
"107","Bloomfield+E1","ACRU",2017,2017-07-27,601.5
"108","Bloomfield+J1","ABBA",2017,2017-07-27,601.5
"109","Bloomfield+F5","VAAN",2017,2017-07-19,509
"110","Bloomfield+N1","ACRU",2017,2017-07-16,461.75
"111","Bloomfield+C8","BEPA",2017,2017-07-27,601.5
"112","Bloomfield+N7","ACRU",2017,2017-07-27,601.5
"113","Bloomfield+A1","VAAN",2017,2017-07-24,570.5
"114","Bloomfield+A7","BEPA",2017,2017-07-16,461.75
"115","Bloomfield+A1","ACRU",2017,2017-07-24,570.5
"116","Bloomfield+C8","ACRU",2017,2017-08-08,740.5
"117","Bloomfield+N11","ABBA",2017,2017-08-08,740.5
"118","Bloomfield+N11","ACRU",2017,2017-08-08,740.5
"119","Bloomfield+N11","BEPA",2017,2017-08-08,740.5
"120","Bloomfield+N11","VAAN",2017,2017-08-08,740.5
"121","Dumphys Pond+A1","ABBA",2016,2016-07-13,399.8
"122","Dumphys Pond+A1","ACRU",2016,2016-07-13,399.8
"123","Dumphys Pond+A1","BEPA",2016,2016-07-13,399.8
"124","Dumphys Pond+A11","ABBA",2016,2016-07-15,420.15
"125","Dumphys Pond+A11","ACRU",2016,2016-07-15,420.15
"126","Dumphys Pond+A11","BEPA",2016,2016-07-15,420.15
"127","Dumphys Pond+A11","VAAN",2016,2016-07-15,420.15
"128","Dumphys Pond+A13","ABBA",2016,2016-07-15,420.15
"129","Dumphys Pond+A13","ACRU",2016,2016-07-15,420.15
"130","Dumphys Pond+A13","BEPA",2016,2016-07-15,420.15
"131","Dumphys Pond+A13","VAAN",2016,2016-07-15,420.15
"132","Dumphys Pond+A3","ABBA",2016,2016-08-08,746.2
"133","Dumphys Pond+A3","ACRU",2016,2016-08-08,746.2
"134","Dumphys Pond+A3","VAAN",2016,2016-08-08,746.2
"135","Dumphys Pond+A5","ABBA",2016,2016-08-08,746.2
"136","Dumphys Pond+A5","ACRU",2016,2016-08-08,746.2
"137","Dumphys Pond+A5","VAAN",2016,2016-08-08,746.2
"138","Dumphys Pond+A7","ABBA",2016,2016-08-08,746.2
"139","Dumphys Pond+A7","ACRU",2016,2016-08-08,746.2
"140","Dumphys Pond+A7","VAAN",2016,2016-08-08,746.2
"141","Dumphys Pond+A9","VAAN",2016,2016-07-15,420.15
"142","Dumphys Pond+C10","ABBA",2016,2016-07-16,437.4
"143","Dumphys Pond+C10","VAAN",2016,2016-07-16,437.4
"144","Dumphys Pond+C12","ACRU",2016,2016-07-16,437.4
"145","Dumphys Pond+C12","VAAN",2016,2016-07-16,437.4
"146","Dumphys Pond+C14","ABBA",2016,2016-07-15,420.15
"147","Dumphys Pond+C14","ACRU",2016,2016-07-15,420.15
"148","Dumphys Pond+C14","VAAN",2016,2016-07-15,420.15
"149","Dumphys Pond+C2","ABBA",2016,2016-08-08,746.2
"150","Dumphys Pond+C2","ACRU",2016,2016-08-08,746.2
"151","Dumphys Pond+C2","VAAN",2016,2016-08-08,746.2
"152","Dumphys Pond+C4","ABBA",2016,2016-07-16,437.4
"153","Dumphys Pond+C4","ACRU",2016,2016-07-16,437.4
"154","Dumphys Pond+C4","BEPA",2016,2016-07-16,437.4
"155","Dumphys Pond+C4","VAAN",2016,2016-07-16,437.4
"156","Dumphys Pond+C6","ABBA",2016,2016-08-08,746.2
"157","Dumphys Pond+C6","ACRU",2016,2016-08-08,746.2
"158","Dumphys Pond+C6","VAAN",2016,2016-08-08,746.2
"159","Dumphys Pond+C8","BEPA",2016,2016-07-16,437.4
"160","Dumphys Pond+C8","VAAN",2016,2016-07-16,437.4
"161","Dumphys Pond+E1","ABBA",2016,2016-07-30,638.25
"162","Dumphys Pond+E1","ACRU",2016,2016-07-30,638.25
"163","Dumphys Pond+E1","VAAN",2016,2016-07-30,638.25
"164","Dumphys Pond+F1","ABBA",2016,2016-08-08,746.2
"165","Dumphys Pond+F1","ACRU",2016,2016-08-08,746.2
"166","Dumphys Pond+F1","VAAN",2016,2016-08-08,746.2
"167","Dumphys Pond+F11","ABBA",2016,2016-07-30,638.25
"168","Dumphys Pond+F11","ACRU",2016,2016-07-30,638.25
"169","Dumphys Pond+F11","VAAN",2016,2016-07-30,638.25
"170","Dumphys Pond+F13","ABBA",2016,2016-08-08,746.2
"171","Dumphys Pond+F13","ACRU",2016,2016-08-08,746.2
"172","Dumphys Pond+F13","BEPA",2016,2016-08-08,746.2
"173","Dumphys Pond+F13","VAAN",2016,2016-08-08,746.2
"174","Dumphys Pond+F3","ABBA",2016,2016-07-30,638.25
"175","Dumphys Pond+F3","ACRU",2016,2016-07-30,638.25
"176","Dumphys Pond+F3","BEPA",2016,2016-07-30,638.25
"177","Dumphys Pond+F3","VAAN",2016,2016-07-30,638.25
"178","Dumphys Pond+F5","ABBA",2016,2016-07-30,638.25
"179","Dumphys Pond+F5","ACRU",2016,2016-07-30,638.25
"180","Dumphys Pond+F5","BEPA",2016,2016-07-30,638.25
"181","Dumphys Pond+F5","VAAN",2016,2016-07-30,638.25
"182","Dumphys Pond+F7","ABBA",2016,2016-08-08,746.2
"183","Dumphys Pond+F7","ACRU",2016,2016-08-08,746.2
"184","Dumphys Pond+F7","BEPA",2016,2016-08-08,746.2
"185","Dumphys Pond+F7","VAAN",2016,2016-08-08,746.2
"186","Dumphys Pond+F9","ACRU",2016,2016-08-08,746.2
"187","Dumphys Pond+F9","BEPA",2016,2016-08-08,746.2
"188","Dumphys Pond+F9","VAAN",2016,2016-08-08,746.2
"189","Dumphys Pond+G14","VAAN",2016,2016-07-30,638.25
"190","Dumphys Pond+I10","ABBA",2016,2016-08-09,759.85
"191","Dumphys Pond+I10","ACRU",2016,2016-08-09,759.85
"192","Dumphys Pond+I10","BEPA",2016,2016-08-09,759.85
"193","Dumphys Pond+I10","VAAN",2016,2016-08-09,759.85
"194","Dumphys Pond+I12","ABBA",2016,2016-08-09,759.85
"195","Dumphys Pond+I12","ACRU",2016,2016-08-09,759.85
"196","Dumphys Pond+I12","VAAN",2016,2016-08-09,759.85
"197","Dumphys Pond+I14","ABBA",2016,2016-08-10,773.55
"198","Dumphys Pond+I14","ACRU",2016,2016-08-10,773.55
"199","Dumphys Pond+I14","VAAN",2016,2016-08-10,773.55
"200","Dumphys Pond+I2","ABBA",2016,2016-08-09,759.85
"201","Dumphys Pond+I2","ACRU",2016,2016-08-09,759.85
"202","Dumphys Pond+I2","BEPA",2016,2016-08-09,759.85
"203","Dumphys Pond+I2","VAAN",2016,2016-08-09,759.85
"204","Dumphys Pond+I4","ABBA",2016,2016-08-07,730.8
"205","Dumphys Pond+I4","ACRU",2016,2016-08-07,730.8
"206","Dumphys Pond+I4","BEPA",2016,2016-08-07,730.8
"207","Dumphys Pond+I4","VAAN",2016,2016-08-07,730.8
"208","Dumphys Pond+I6","ABBA",2016,2016-08-09,759.85
"209","Dumphys Pond+I6","ACRU",2016,2016-08-09,759.85
"210","Dumphys Pond+I6","BEPA",2016,2016-08-09,759.85
"211","Dumphys Pond+I6","VAAN",2016,2016-08-09,759.85
"212","Dumphys Pond+I8","ABBA",2016,2016-08-07,730.8
"213","Dumphys Pond+I8","ACRU",2016,2016-08-07,730.8
"214","Dumphys Pond+I8","BEPA",2016,2016-08-07,730.8
"215","Dumphys Pond+I8","VAAN",2016,2016-08-07,730.8
"216","Dumphys Pond+K1","ABBA",2016,2016-08-07,730.8
"217","Dumphys Pond+K1","ACRU",2016,2016-08-07,730.8
"218","Dumphys Pond+K1","VAAN",2016,2016-08-07,730.8
"219","Dumphys Pond+L10","ABBA",2016,2016-08-10,773.55
"220","Dumphys Pond+L10","ACRU",2016,2016-08-10,773.55
"221","Dumphys Pond+L10","VAAN",2016,2016-08-10,773.55
"222","Dumphys Pond+L12","ABBA",2016,2016-08-10,773.55
"223","Dumphys Pond+L12","ACRU",2016,2016-08-10,773.55
"224","Dumphys Pond+L12","VAAN",2016,2016-08-10,773.55
"225","Dumphys Pond+L14","ABBA",2016,2016-08-10,773.55
"226","Dumphys Pond+L14","ACRU",2016,2016-08-10,773.55
"227","Dumphys Pond+L14","VAAN",2016,2016-08-10,773.55
"228","Dumphys Pond+L2","ABBA",2016,2016-07-29,623.25
"229","Dumphys Pond+L2","ACRU",2016,2016-07-29,623.25
"230","Dumphys Pond+L2","VAAN",2016,2016-07-29,623.25
"231","Dumphys Pond+L4","ABBA",2016,2016-08-10,773.55
"232","Dumphys Pond+L4","ACRU",2016,2016-08-10,773.55
"233","Dumphys Pond+L4","BEPA",2016,2016-08-10,773.55
"234","Dumphys Pond+L4","VAAN",2016,2016-08-10,773.55
"235","Dumphys Pond+L6","ABBA",2016,2016-08-10,773.55
"236","Dumphys Pond+L6","ACRU",2016,2016-08-10,773.55
"237","Dumphys Pond+L6","BEPA",2016,2016-08-10,773.55
"238","Dumphys Pond+L6","VAAN",2016,2016-08-10,773.55
"239","Dumphys Pond+L8","ABBA",2016,2016-08-10,773.55
"240","Dumphys Pond+L8","ACRU",2016,2016-08-10,773.55
"241","Dumphys Pond+L8","VAAN",2016,2016-08-10,773.55
"242","Dumphys Pond+N1","ABBA",2016,2016-07-27,589.15
"243","Dumphys Pond+N1","ACRU",2016,2016-07-27,589.15
"244","Dumphys Pond+N1","VAAN",2016,2016-07-27,589.15
"245","Dumphys Pond+N11","ABBA",2016,2016-08-09,759.85
"246","Dumphys Pond+N11","ACRU",2016,2016-08-09,759.85
"247","Dumphys Pond+N11","VAAN",2016,2016-08-09,759.85
"248","Dumphys Pond+N13","ABBA",2016,2016-08-09,759.85
"249","Dumphys Pond+N13","ACRU",2016,2016-08-09,759.85
"250","Dumphys Pond+N13","VAAN",2016,2016-08-09,759.85
"251","Dumphys Pond+N3","ABBA",2016,2016-08-09,759.85
"252","Dumphys Pond+N3","BEPA",2016,2016-08-09,759.85
"253","Dumphys Pond+N3","VAAN",2016,2016-08-09,759.85
"254","Dumphys Pond+N5","ABBA",2016,2016-07-27,589.15
"255","Dumphys Pond+N5","ACRU",2016,2016-07-27,589.15
"256","Dumphys Pond+N5","BEPA",2016,2016-07-27,589.15
"257","Dumphys Pond+N5","VAAN",2016,2016-07-27,589.15
"258","Dumphys Pond+N7","ABBA",2016,2016-08-09,759.85
"259","Dumphys Pond+N7","ACRU",2016,2016-08-09,759.85
"260","Dumphys Pond+N7","VAAN",2016,2016-08-09,759.85
"261","Dumphys Pond+N9","ABBA",2016,2016-08-09,759.85
"262","Dumphys Pond+N9","ACRU",2016,2016-08-09,759.85
"263","Dumphys Pond+N9","BEPA",2016,2016-08-09,759.85
"264","Dumphys Pond+N9","VAAN",2016,2016-08-09,759.85
"265","TNNP North+A1","ACRU",2016,2016-07-28,606.35
"266","TNNP North+A1","BEPA",2016,2016-07-28,606.35
"267","TNNP North+A1","VAAN",2016,2016-07-28,606.35
"268","TNNP North+A11","ABBA",2016,2016-08-12,800.45
"269","TNNP North+A11","ACRU",2016,2016-08-12,800.45
"270","TNNP North+A11","VAAN",2016,2016-08-12,800.45
"271","TNNP North+A13","ABBA",2016,2016-08-12,800.45
"272","TNNP North+A13","BEPA",2016,2016-08-12,800.45
"273","TNNP North+A13","VAAN",2016,2016-08-12,800.45
"274","TNNP North+A3","ACRU",2016,2016-07-28,606.35
"275","TNNP North+A3","VAAN",2016,2016-07-28,606.35
"276","TNNP North+A5","VAAN",2016,2016-07-28,606.35
"277","TNNP North+A7","ABBA",2016,2016-07-28,606.35
"278","TNNP North+A7","ACRU",2016,2016-07-28,606.35
"279","TNNP North+A7","VAAN",2016,2016-07-28,606.35
"280","TNNP North+A9","ACRU",2016,2016-08-12,800.45
"281","TNNP North+A9","VAAN",2016,2016-08-12,800.45
"282","TNNP North+C10","ABBA",2016,2016-08-12,800.45
"283","TNNP North+C10","ACRU",2016,2016-08-12,800.45
"284","TNNP North+C10","BEPA",2016,2016-08-12,800.45
"285","TNNP North+C10","VAAN",2016,2016-08-12,800.45
"286","TNNP North+C12","VAAN",2016,2016-08-12,800.45
"287","TNNP North+C14","BEPA",2016,2016-08-12,800.45
"288","TNNP North+C14","VAAN",2016,2016-08-12,800.45
"289","TNNP North+C2","ACRU",2016,2016-08-13,810.65
"290","TNNP North+C2","VAAN",2016,2016-08-13,810.65
"291","TNNP North+C4","ABBA",2016,2016-08-13,810.65
"292","TNNP North+C4","ACRU",2016,2016-08-13,810.65
"293","TNNP North+C4","VAAN",2016,2016-08-13,810.65
"294","TNNP North+C6","ABBA",2016,2016-08-12,800.45
"295","TNNP North+C6","VAAN",2016,2016-08-12,800.45
"296","TNNP North+C8","ACRU",2016,2016-08-13,810.65
"297","TNNP North+C8","VAAN",2016,2016-08-13,810.65
"298","TNNP North+E1","BEPA",2016,2016-07-28,606.35
"299","TNNP North+E1","VAAN",2016,2016-07-28,606.35
"300","TNNP North+F1","ABBA",2016,2016-07-28,606.35
"301","TNNP North+F1","ACRU",2016,2016-07-28,606.35
"302","TNNP North+F1","VAAN",2016,2016-07-28,606.35
"303","TNNP North+F11","ABBA",2016,2016-08-16,846.65
"304","TNNP North+F11","ACRU",2016,2016-08-16,846.65
"305","TNNP North+F11","BEPA",2016,2016-08-16,846.65
"306","TNNP North+F11","VAAN",2016,2016-08-16,846.65
"307","TNNP North+F13","ABBA",2016,2016-07-25,560.35
"308","TNNP North+F13","BEPA",2016,2016-07-25,560.35
"309","TNNP North+F13","VAAN",2016,2016-07-25,560.35
"310","TNNP North+F3","BEPA",2016,2016-07-28,606.35
"311","TNNP North+F3","VAAN",2016,2016-07-28,606.35
"312","TNNP North+F5","VAAN",2016,2016-08-16,846.65
"313","TNNP North+F7","ACRU",2016,2016-08-16,846.65
"314","TNNP North+F7","VAAN",2016,2016-08-16,846.65
"315","TNNP North+F9","BEPA",2016,2016-07-25,560.35
"316","TNNP North+F9","VAAN",2016,2016-07-25,560.35
"317","TNNP North+G14","BEPA",2016,2016-07-25,560.35
"318","TNNP North+I10","ACRU",2016,2016-08-16,846.65
"319","TNNP North+I10","BEPA",2016,2016-08-16,846.65
"320","TNNP North+I10","VAAN",2016,2016-08-16,846.65
"321","TNNP North+I12","VAAN",2016,2016-08-16,846.65
"322","TNNP North+I14","VAAN",2016,2016-08-16,846.65
"323","TNNP North+I2","VAAN",2016,2016-07-26,575.05
"324","TNNP North+I4","VAAN",2016,2016-07-25,560.35
"325","TNNP North+I6","ABBA",2016,2016-07-25,560.35
"326","TNNP North+I6","ACRU",2016,2016-07-25,560.35
"327","TNNP North+I6","VAAN",2016,2016-07-25,560.35
"328","TNNP North+I8","VAAN",2016,2016-07-26,575.05
"329","TNNP North+K1","VAAN",2016,2016-07-26,575.05
"330","TNNP North+L10","VAAN",2016,2016-07-26,575.05
"331","TNNP North+L12","ACRU",2016,2016-07-26,575.05
"332","TNNP North+L12","VAAN",2016,2016-07-26,575.05
"333","TNNP North+L14","BEPA",2016,2016-08-14,822.1
"334","TNNP North+L2","VAAN",2016,2016-08-16,846.65
"335","TNNP North+L8","ACRU",2016,2016-07-26,575.05
"336","TNNP North+L8","VAAN",2016,2016-07-26,575.05
"337","TNNP North+N1","VAAN",2016,2016-07-23,532.85
"338","TNNP North+N11","BEPA",2016,2016-07-25,560.35
"339","TNNP North+N11","VAAN",2016,2016-07-25,560.35
"340","TNNP North+N13","VAAN",2016,2016-08-14,822.1
"341","TNNP North+N3","ACRU",2016,2016-07-23,532.85
"342","TNNP North+N3","VAAN",2016,2016-07-23,532.85
"343","TNNP North+N5","ACRU",2016,2016-07-23,532.85
"344","TNNP North+N5","VAAN",2016,2016-07-23,532.85
"345","TNNP North+N7","ABBA",2016,2016-07-23,532.85
"346","TNNP North+N7","ACRU",2016,2016-07-23,532.85
"347","TNNP North+N7","BEPA",2016,2016-07-23,532.85
"348","TNNP North+N7","VAAN",2016,2016-07-23,532.85
"349","TNNP North+N9","ABBA",2016,2016-08-14,822.1
"350","TNNP North+N9","BEPA",2016,2016-08-14,822.1
"351","TNNP North+N9","VAAN",2016,2016-08-14,822.1
"352","Unicorn+A1","ABBA",2016,2016-08-06,717.3
"353","Unicorn+A1","ACRU",2016,2016-08-06,717.3
"354","Unicorn+A1","BEPA",2016,2016-08-06,717.3
"355","Unicorn+A1","VAAN",2016,2016-08-06,717.3
"356","Unicorn+A11","ABBA",2016,2016-08-11,788.95
"357","Unicorn+A11","ACRU",2016,2016-08-11,788.95
"358","Unicorn+A11","BEPA",2016,2016-08-11,788.95
"359","Unicorn+A11","VAAN",2016,2016-08-11,788.95
"360","Unicorn+A13","ABBA",2016,2016-07-14,407.2
"361","Unicorn+A13","ACRU",2016,2016-07-14,407.2
"362","Unicorn+A13","BEPA",2016,2016-07-14,407.2
"363","Unicorn+A3","ABBA",2016,2016-08-06,717.3
"364","Unicorn+A3","ACRU",2016,2016-08-06,717.3
"365","Unicorn+A3","BEPA",2016,2016-08-06,717.3
"366","Unicorn+A3","VAAN",2016,2016-08-06,717.3
"367","Unicorn+A5","ABBA",2016,2016-07-14,407.2
"368","Unicorn+A7","ABBA",2016,2016-08-11,788.95
"369","Unicorn+A7","ACRU",2016,2016-08-11,788.95
"370","Unicorn+A7","BEPA",2016,2016-08-11,788.95
"371","Unicorn+A7","VAAN",2016,2016-08-11,788.95
"372","Unicorn+A9","ABBA",2016,2016-08-11,788.95
"373","Unicorn+A9","BEPA",2016,2016-08-11,788.95
"374","Unicorn+A9","VAAN",2016,2016-08-11,788.95
"375","Unicorn+C10","BEPA",2016,2016-07-14,407.2
"376","Unicorn+C12","ABBA",2016,2016-08-11,788.95
"377","Unicorn+C12","ACRU",2016,2016-08-11,788.95
"378","Unicorn+C12","BEPA",2016,2016-08-11,788.95
"379","Unicorn+C12","VAAN",2016,2016-08-11,788.95
"380","Unicorn+C14","ABBA",2016,2016-08-11,788.95
"381","Unicorn+C14","ACRU",2016,2016-08-11,788.95
"382","Unicorn+C14","BEPA",2016,2016-08-11,788.95
"383","Unicorn+C2","ABBA",2016,2016-08-12,800.45
"384","Unicorn+C2","BEPA",2016,2016-08-12,800.45
"385","Unicorn+C2","VAAN",2016,2016-08-12,800.45
"386","Unicorn+C4","BEPA",2016,2016-07-14,407.2
"387","Unicorn+C6","ABBA",2016,2016-08-12,800.45
"388","Unicorn+C6","ACRU",2016,2016-08-12,800.45
"389","Unicorn+C6","BEPA",2016,2016-08-12,800.45
"390","Unicorn+C6","VAAN",2016,2016-08-12,800.45
"391","Unicorn+C8","ABBA",2016,2016-08-11,788.95
"392","Unicorn+C8","ACRU",2016,2016-08-11,788.95
"393","Unicorn+C8","VAAN",2016,2016-08-11,788.95
"394","Unicorn+E1","ABBA",2016,2016-07-17,451.2
"395","Unicorn+E1","ACRU",2016,2016-07-17,451.2
"396","Unicorn+F1","ABBA",2016,2016-08-15,834.2
"397","Unicorn+F1","VAAN",2016,2016-08-15,834.2
"398","Unicorn+F11","ABBA",2016,2016-08-12,800.45
"399","Unicorn+F11","ACRU",2016,2016-08-12,800.45
"400","Unicorn+F11","BEPA",2016,2016-08-12,800.45
"401","Unicorn+F11","VAAN",2016,2016-08-12,800.45
"402","Unicorn+F13","ABBA",2016,2016-08-11,788.95
"403","Unicorn+F13","ACRU",2016,2016-08-11,788.95
"404","Unicorn+F13","VAAN",2016,2016-08-11,788.95
"405","Unicorn+F3","ABBA",2016,2016-08-13,810.65
"406","Unicorn+F3","ACRU",2016,2016-08-13,810.65
"407","Unicorn+F3","BEPA",2016,2016-08-13,810.65
"408","Unicorn+F3","VAAN",2016,2016-08-13,810.65
"409","Unicorn+F5","ABBA",2016,2016-08-13,810.65
"410","Unicorn+F5","VAAN",2016,2016-08-13,810.65
"411","Unicorn+F7","ABBA",2016,2016-08-13,810.65
"412","Unicorn+F7","VAAN",2016,2016-08-13,810.65
"413","Unicorn+F9","ABBA",2016,2016-08-12,800.45
"414","Unicorn+F9","ACRU",2016,2016-08-12,800.45
"415","Unicorn+G14","ABBA",2016,2016-07-17,451.2
"416","Unicorn+G14","ACRU",2016,2016-07-17,451.2
"417","Unicorn+I10","ABBA",2016,2016-08-15,834.2
"418","Unicorn+I10","BEPA",2016,2016-08-15,834.2
"419","Unicorn+I10","VAAN",2016,2016-08-15,834.2
"420","Unicorn+I12","ABBA",2016,2016-08-15,834.2
"421","Unicorn+I12","ACRU",2016,2016-08-15,834.2
"422","Unicorn+I12","BEPA",2016,2016-08-15,834.2
"423","Unicorn+I12","VAAN",2016,2016-08-15,834.2
"424","Unicorn+I14","ABBA",2016,2016-08-15,834.2
"425","Unicorn+I14","ACRU",2016,2016-08-15,834.2
"426","Unicorn+I2","ABBA",2016,2016-07-17,451.2
"427","Unicorn+I2","ACRU",2016,2016-07-17,451.2
"428","Unicorn+I2","VAAN",2016,2016-07-17,451.2
"429","Unicorn+I4","ABBA",2016,2016-08-14,822.1
"430","Unicorn+I4","ACRU",2016,2016-08-14,822.1
"431","Unicorn+I4","VAAN",2016,2016-08-14,822.1
"432","Unicorn+I6","ABBA",2016,2016-08-14,822.1
"433","Unicorn+I6","BEPA",2016,2016-08-14,822.1
"434","Unicorn+I6","VAAN",2016,2016-08-14,822.1
"435","Unicorn+I8","VAAN",2016,2016-08-14,822.1
"436","Unicorn+K1","ABBA",2016,2016-08-11,788.95
"437","Unicorn+K1","ACRU",2016,2016-08-11,788.95
"438","Unicorn+K1","VAAN",2016,2016-08-11,788.95
"439","Unicorn+L10","ABBA",2016,2016-08-15,834.2
"440","Unicorn+L10","ACRU",2016,2016-08-15,834.2
"441","Unicorn+L10","BEPA",2016,2016-08-15,834.2
"442","Unicorn+L10","VAAN",2016,2016-08-15,834.2
"443","Unicorn+L12","ABBA",2016,2016-07-31,650.5
"444","Unicorn+L12","VAAN",2016,2016-07-31,650.5
"445","Unicorn+L14","ABBA",2016,2016-07-31,650.5
"446","Unicorn+L14","ACRU",2016,2016-07-31,650.5
"447","Unicorn+L14","BEPA",2016,2016-07-31,650.5
"448","Unicorn+L14","VAAN",2016,2016-07-31,650.5
"449","Unicorn+L2","VAAN",2016,2016-07-31,650.5
"450","Unicorn+L4","ABBA",2016,2016-08-15,834.2
"451","Unicorn+L4","ACRU",2016,2016-08-15,834.2
"452","Unicorn+L4","VAAN",2016,2016-08-15,834.2
"453","Unicorn+L6","ABBA",2016,2016-07-31,650.5
"454","Unicorn+L6","ACRU",2016,2016-07-31,650.5
"455","Unicorn+L6","BEPA",2016,2016-07-31,650.5
"456","Unicorn+L6","VAAN",2016,2016-07-31,650.5
"457","Unicorn+L8","ABBA",2016,2016-08-15,834.2
"458","Unicorn+L8","ACRU",2016,2016-08-15,834.2
"459","Unicorn+L8","BEPA",2016,2016-08-15,834.2
"460","Unicorn+L8","VAAN",2016,2016-08-15,834.2
"461","Unicorn+N1","ABBA",2016,2016-08-11,788.95
"462","Unicorn+N1","VAAN",2016,2016-08-11,788.95
"463","Unicorn+N11","ABBA",2016,2016-08-15,834.2
"464","Unicorn+N11","ACRU",2016,2016-08-15,834.2
"465","Unicorn+N11","BEPA",2016,2016-08-15,834.2
"466","Unicorn+N11","VAAN",2016,2016-08-15,834.2
"467","Unicorn+N13","ABBA",2016,2016-08-15,834.2
"468","Unicorn+N13","ACRU",2016,2016-08-15,834.2
"469","Unicorn+N13","VAAN",2016,2016-08-15,834.2
"470","Unicorn+N3","ABBA",2016,2016-08-11,788.95
"471","Unicorn+N3","VAAN",2016,2016-08-11,788.95
"472","Unicorn+N5","ABBA",2016,2016-08-11,788.95
"473","Unicorn+N5","ACRU",2016,2016-08-11,788.95
"474","Unicorn+N5","BEPA",2016,2016-08-11,788.95
"475","Unicorn+N5","VAAN",2016,2016-08-11,788.95
"476","Unicorn+N7","ABBA",2016,2016-07-31,650.5
"477","Unicorn+N7","ACRU",2016,2016-07-31,650.5
"478","Unicorn+N7","BEPA",2016,2016-08-11,788.95
"479","Unicorn+N7","VAAN",2016,2016-07-31,650.5
"480","Unicorn+N9","ABBA",2016,2016-07-31,650.5
"481","Unicorn+N9","ACRU",2016,2016-07-31,650.5
"482","Unicorn+N9","BEPA",2016,2016-07-31,650.5
"483","Unicorn+N9","VAAN",2016,2016-07-31,650.5
"484","Dumphys Pond+D1","ABBA",2016,2016-07-01,328.15
"485","Dumphys Pond+C10","ACRU",2016,2016-07-16,437.4
"486","Unicorn+J1","ACRU",2016,2016-08-11,788.95
"487","Unicorn+J1","BEPA",2016,2016-08-11,788.95
"488","Unicorn+J1","VAAN",2016,2016-08-11,788.95
"489","TNNP North+J1","ABBA",2016,2016-07-26,575.05
"490","TNNP North+D1","ABBA",2016,2016-07-28,606.35
"491","TNNP North+J1","ACRU",2016,2016-07-26,575.05
"492","TNNP North+J1","BEPA",2016,2016-07-26,575.05
"493","TNNP North+D1","BEPA",2016,2016-07-28,606.35
"494","TNNP North+J1","VAAN",2016,2016-07-26,575.05
"495","Dumphys Pond+A1","VAAN",2016,2016-07-13,399.8
"496","Dumphys Pond+D1","ACRU",2016,2016-07-01,328.15
"497","Dumphys Pond+B14","ACRU",2016,2016-08-08,746.2
"498","Dumphys Pond+A9","ACRU",2016,2016-07-15,420.15
"499","Dumphys Pond+C8","ACRU",2016,2016-07-16,437.4
"500","Dumphys Pond+A7","BEPA",2016,2016-08-08,746.2
"501","Dumphys Pond+D1","VAAN",2016,2016-07-01,328.15
"502","Unicorn+A9","ACRU",2016,2016-08-11,788.95
"503","Unicorn+A13","VAAN",2016,2016-07-14,407.2
"504","Unicorn+A5","VAAN",2016,2016-07-14,407.2
"505","TNNP North+A5","ACRU",2016,2016-07-28,606.35
"506","Dumphys Pond+H14","ACRU",2016,2016-07-30,638.25
"507","Dumphys Pond+B14","ABBA",2016,2016-08-08,746.2
"508","Dumphys Pond+B14","VAAN",2016,2016-08-08,746.2
"509","Unicorn+B14","ABBA",2016,2016-08-11,788.95
"510","Unicorn+B14","ACRU",2016,2016-08-11,788.95
"511","Unicorn+B14","BEPA",2016,2016-08-11,788.95
"512","Unicorn+B14","VAAN",2016,2016-08-11,788.95
"513","TNNP North+B14","ACRU",2016,2016-08-12,800.45
"514","TNNP North+B14","VAAN",2016,2016-08-12,800.45
"515","Unicorn+C10","ABBA",2016,2016-07-14,407.2
"516","Unicorn+C10","ACRU",2016,2016-07-14,407.2
"517","Unicorn+C10","VAAN",2016,2016-07-14,407.2
"518","TNNP North+C14","ACRU",2016,2016-08-12,800.45
"519","Unicorn+C2","ACRU",2016,2016-08-12,800.45
"520","Unicorn+D1","ABBA",2016,2016-08-15,834.2
"521","Unicorn+D1","VAAN",2016,2016-08-15,834.2
"522","Unicorn+D1","ACRU",2016,2016-08-15,834.2
"523","Unicorn+E1","VAAN",2016,2016-07-17,451.2
"524","Dumphys Pond+F11","BEPA",2016,2016-07-30,638.25
"525","Unicorn+F13","BEPA",2016,2016-08-11,788.95
"526","Unicorn+F9","BEPA",2016,2016-08-12,800.45
"527","Unicorn+F9","VAAN",2016,2016-08-12,800.45
"528","Unicorn+G14","VAAN",2016,2016-07-17,451.2
"529","Unicorn+H14","ABBA",2016,2016-07-17,451.2
"530","TNNP North+G14","VAAN",2016,2016-07-25,560.35
"531","Unicorn+H14","ACRU",2016,2016-07-17,451.2
"532","Unicorn+H14","BEPA",2016,2016-07-17,451.2
"533","TNNP North+H14","VAAN",2016,2016-07-25,560.35
"534","Dumphys Pond+H14","ABBA",2016,2016-07-30,638.25
"535","Dumphys Pond+H14","VAAN",2016,2016-07-30,638.25
"536","Unicorn+I6","ACRU",2016,2016-08-14,822.1
"537","Unicorn+I8","BEPA",2016,2016-08-14,822.1
"538","Dumphys Pond+J1","ABBA",2016,2016-08-09,759.85
"539","Dumphys Pond+J1","VAAN",2016,2016-08-09,759.85
"540","Dumphys Pond+K1","BEPA",2016,2016-08-07,730.8
"541","TNNP North+L14","VAAN",2016,2016-08-14,822.1
"542","TNNP North+L4","VAAN",2016,2016-08-14,822.1
"543","TNNP North+L6","VAAN",2016,2016-08-14,822.1
"544","Dumphys Pond+M14","ABBA",2016,2016-08-10,773.55
"545","Dumphys Pond+M14","ACRU",2016,2016-08-10,773.55
"546","Dumphys Pond+M14","BEPA",2016,2016-08-10,773.55
"547","Dumphys Pond+M14","VAAN",2016,2016-08-10,773.55
"548","TNNP North+M14","VAAN",2016,2016-08-14,822.1
"549","Unicorn+M14","BEPA",2016,2016-08-15,834.2
"550","Unicorn+M14","VAAN",2016,2016-08-15,834.2
"551","Unicorn+M14","ABBA",2016,2016-08-15,834.2
"552","Unicorn+M14","ACRU",2016,2016-08-15,834.2
"553","Dumphys Pond+N1","BEPA",2016,2016-07-27,589.15
"554","Unicorn+C12","BEPA",2017,2017-07-28,597.4
"555","Unicorn+C6","VAAN",2017,2017-07-28,597.4
"556","TNNP North+C10","BEPA",2017,2017-07-28,597.4
"557","TNNP North+L8","VAAN",2017,2017-07-28,597.4
"558","Unicorn+C12","VAAN",2017,2017-07-28,597.4
"559","TNNP North+L14","VAAN",2017,2017-07-28,597.4
"560","TNNP North+A13","VAAN",2017,2017-07-28,597.4
"561","Unicorn+F11","VAAN",2017,2017-07-28,597.4
"562","Unicorn+N7","VAAN",2017,2017-07-28,597.4
"563","Unicorn+F11","BEPA",2017,2017-07-28,597.4
"564","Unicorn+N7","ACRU",2017,2017-07-28,597.4
"565","Unicorn+F11","ABBA",2017,2017-07-28,597.4
"566","Unicorn+A1","BEPA",2017,2017-07-14,425.9
"567","TNNP North+F9","ACRU",2017,2017-07-28,597.4
"568","TNNP North+F13","VAAN",2017,2017-07-28,597.4
"569","TNNP North+G14","VAAN",2017,2017-07-28,597.4
"570","TNNP North+L8","ACRU",2017,2017-07-28,597.4
"571","TNNP North+C4","VAAN",2017,2017-07-28,597.4
"572","Unicorn+L6","ABBA",2017,2017-07-28,597.4
"573","Unicorn+A7","VAAN",2017,2017-07-14,425.9
"574","TNNP North+A11","ACRU",2017,2017-07-28,597.4
"575","TNNP North+C14","VAAN",2017,2017-07-28,597.4
"576","Unicorn+F3","ABBA",2017,2017-07-28,597.4
"577","Unicorn+L6","VAAN",2017,2017-07-28,597.4
"578","TNNP North+C10","VAAN",2017,2017-07-28,597.4
"579","TNNP North+L8","ABBA",2017,2017-07-28,597.4
"580","Unicorn+L6","ACRU",2017,2017-07-28,597.4
"581","Unicorn+L6","BEPA",2017,2017-07-28,597.4
"582","Unicorn+I12","BEPA",2017,2017-07-28,597.4
"583","TNNP North+A11","VAAN",2017,2017-07-28,597.4
"584","Unicorn+C6","BEPA",2017,2017-07-28,597.4
"585","TNNP North+I10","VAAN",2017,2017-07-28,597.4
"586","Unicorn+N7","BEPA",2017,2017-07-28,597.4
"587","Unicorn+A7","ABBA",2017,2017-07-14,425.9
"588","Unicorn+F3","BEPA",2017,2017-07-28,597.4
"589","Unicorn+C12","ACRU",2017,2017-07-28,597.4
"590","Unicorn+I12","ACRU",2017,2017-07-28,597.4
"591","Unicorn+L14","VAAN",2017,2017-07-28,597.4
"592","Unicorn+C12","ABBA",2017,2017-07-28,597.4
"593","Unicorn+L14","ABBA",2017,2017-07-28,597.4
"594","TNNP North+L12","VAAN",2017,2017-07-28,597.4
"595","Unicorn+A7","ACRU",2017,2017-07-14,425.9
"596","Unicorn+I12","ABBA",2017,2017-07-28,597.4
"597","Unicorn+F3","VAAN",2017,2017-07-28,597.4
"598","Unicorn+I12","VAAN",2017,2017-07-28,597.4
"599","Unicorn+A1","VAAN",2017,2017-07-14,425.9
"600","Unicorn+F3","ACRU",2017,2017-07-28,597.4
"601","Unicorn+C6","ABBA",2017,2017-07-28,597.4
"602","Unicorn+N7","ABBA",2017,2017-07-28,597.4
"603","TNNP North+C14","ACRU",2017,2017-07-28,597.4
"604","Unicorn+F11","ACRU",2017,2017-07-28,597.4
"605","Unicorn+A1","ACRU",2017,2017-07-14,425.9
"606","TNNP North+F11","ACRU",2017,2017-07-28,597.4
"607","TNNP North+N9","VAAN",2017,2017-07-25,558.05
"608","TNNP North+F11","VAAN",2017,2017-07-28,597.4
"609","TNNP North+C4","BEPA",2017,2017-07-28,597.4
"610","TNNP North+I10","ACRU",2017,2017-07-28,597.4
"611","Unicorn+A7","BEPA",2017,2017-07-14,425.9
"612","TNNP North+N9","ACRU",2017,2017-07-25,558.05
"613","TNNP North+A11","ABBA",2017,2017-07-28,597.4
"614","Unicorn+L14","ACRU",2017,2017-07-28,597.4
"615","TNNP North+F11","BEPA",2017,2017-07-28,597.4
"616","TNNP North+C4","ACRU",2017,2017-07-28,597.4
"617","Unicorn+C6","ACRU",2017,2017-07-28,597.4
"618","TNNP North+F9","VAAN",2017,2017-07-28,597.4
"619","TNNP North+A13","BEPA",2017,2017-07-28,597.4
"620","TNNP North+N9","ABBA",2017,2017-07-25,558.05
"621","TNNP North+C10","ACRU",2017,2017-07-28,597.4
"622","Unicorn+A1","ABBA",2017,2017-07-14,425.9
"623","TNNP North+G14","BEPA",2017,2017-07-28,597.4
"624","TNNP North+F13","ABBA",2017,2017-07-28,597.4
"625","TNNP North+N7","ACRU",2017,2017-07-25,558.05
"626","TNNP North+F11","ABBA",2017,2017-07-28,597.4
"627","TNNP North+N9","BEPA",2017,2017-07-25,558.05
"628","TNNP North+N7","VAAN",2017,2017-07-25,558.05
"629","TNNP North+C10","ABBA",2017,2017-07-28,597.4
"630","TNNP North+C14","BEPA",2017,2017-07-28,597.4
"631","Unicorn+L14","BEPA",2017,2017-07-28,597.4
"632","TNNP North+F13","BEPA",2017,2017-07-28,597.4
"633","TNNP North+F13","ACRU",2017,2017-07-28,597.4
"634","TNNP North+N7","BEPA",2017,2017-07-25,558.05
"635","TNNP North+I10","BEPA",2017,2017-07-28,597.4
"636","TNNP North+L12","ACRU",2017,2017-07-28,597.4
"637","TNNP North+N7","ABBA",2017,2017-07-25,558.05
"638","TNNP North+A11","BEPA",2017,2017-07-28,597.4
"639","TNNP North+C4","ABBA",2017,2017-07-28,597.4
"640","TNNP North+F9","BEPA",2017,2017-07-28,597.4
"641","TNNP North+L14","BEPA",2017,2017-07-28,597.4
"642","TNNP North+C14","ABBA",2017,2017-07-28,597.4
