TimeStamp,SiteName,TrapLocation,PlotName,Quadrant,SiteCode,Species,SampNumber,SampleLabel,Height,BasalDiameter,Browsed,BrowsedBy,FoliageDisease,Berries,AmountSample_AmtAvail,StoiComment,UniqueID,WetWeight,NumbBags,BagWeight,ActualWeight,Comment
2017-07-27 14:48:24,Bloomfield,I6,Bloomfield+I6,SE,BL,VAAN,2,BL_I6_VAAN_2,16,0.1,B,"H
I",,,100,,,3.9,1,3.4,0.5,
2017-07-27 16:28:17,Bloomfield,N3,Bloomfield+N3,NW,BL,VAAN,4,BL_N3_VAAN_4,14,0.2,B,H,,,100,,,3.9,1,3.4,0.5,
2017-07-27 10:56:44,Bloomfield,C4,Bloomfield+C4,SE,BL,BEPA,1,BL_C4_BEPA_1,21,0.5,B,H,,,100,,,4,1,3.4,0.6,
2017-07-27 13:30:32,Bloomfield,C8,Bloomfield+C8,NW,BL,VAAN,3,BL_C8_VAAN_3,5,0.2,NB,,,,100,,,4,1,3.4,0.6,
2017-07-27 12:06:42,Bloomfield,E1,Bloomfield+E1,SE,BL,BEPA,1,BL_E1_BEPA_1,25,0.6,B,I,,,100,2 suckers,,4.1,1,3.4,0.7,
2017-07-27 10:22:37,Bloomfield,C6,Bloomfield+C6,NE,BL,BEPA,1,BL_C6_BEPA_1,23,0.7,B,"H
M",,,100,,,4.2,1,3.4,0.8,
2017-07-27 11:26:27,Bloomfield,C2,Bloomfield+C2,NE,BL,BEPA,1,BL_C2_BEPA_1,31,0.3,B,"I
O",Y,,100,1 sucker,,4.2,1,3.4,0.8,
2017-07-27 14:55:51,Bloomfield,I6,Bloomfield+I6,SW,BL,VAAN,4,BL_I6_VAAN_4,5.7,,,,,,,,,4.2,1,3.4,0.8,
2017-07-16 12:32:30,Bloomfield,A7,Bloomfield+A7,SW,BL,VAAN,3,BL_A7_VAAN_3,16,0.1,NB,,,,100,,C81287B9-2DD1-4DC6-957D-ACA7986188B2,4.2,1,3.4,0.8,
2017-07-27 15:03:21,Bloomfield,J1,Bloomfield+J1,NE,BL,VAAN,1,BL_J1_VAAN_1,16,0.2,B,M,,,90,,,4.3,1,3.4,0.9,
2017-07-28 13:54:42,Unicorn,C12,Unicorn+C12,SW,UNI,BEPA,3,UNI_C12_BEPA_3,28,0.3,,I,Y,,,,,4.3,1,3.4,0.9,
2017-07-27 10:34:31,Bloomfield,C6,Bloomfield+C6,SW,BL,VAAN,3,BL_C6_VAAN_3,22,0.3,B,"H
I",Y,,100,,,4.4,1,3.4,1,
2017-07-27 10:38:15,Bloomfield,C6,Bloomfield+C6,NW,BL,VAAN,4,BL_C6_VAAN_4,30,0.2,B,"H
I",Y,,100,,,4.4,1,3.4,1,
2017-07-27 10:48:30,Bloomfield,C4,Bloomfield+C4,NE,BL,VAAN,1,BL_C4_VAAN_1,24,0.5,B,"H
I",,,100,,,4.4,1,3.4,1,
2017-07-27 12:52:18,Bloomfield,C8,Bloomfield+C8,NE,BL,VAAN,1,BL_C8_VAAN_1,10,0.2,B,"O
I",Y,,100,,,4.4,1,3.4,1,
2017-07-27 15:45:52,Bloomfield,J1,Bloomfield+J1,SE,BL,VAAN,2,BL_J1_VAAN_2,25,0.2,B,"H
I",,,100,,,4.4,1,3.4,1,
2017-07-28 13:29:23,Unicorn,C6,Unicorn+C6,NE,UNI,VAAN,1,UNI_C6_VAAN_1,19,0.2,B,"I
H",,,80,,,4.4,1,3.4,1,
2017-07-28 11:27:39,TNNP North,C10,TNNP North+C10,NW,TN,BEPA,3,TN_C10_BEPA_3,13,0.2,B,I,,,100,,,4.4,1,3.4,1,
2017-07-27 11:32:31,Bloomfield,C2,Bloomfield+C2,SW,BL,VAAN,3,BL_C2_VAAN_3,24,0.2,B,"I
O",Y,,100,,,4.5,1,3.4,1.1,
2017-07-27 13:51:39,Bloomfield,F13,Bloomfield+F13,SE,BL,VAAN,2,BL_F13_VAAN_2,23,0.3,B,"O
I",,,80,,,4.5,1,3.4,1.1,
2017-07-27 10:52:40,Bloomfield,C4,Bloomfield+C4,SE,BL,VAAN,2,BL_C4_VAAN_2,22,0.3,B,I,Y,,70,,,4.6,1,3.4,1.2,
2017-07-27 11:44:46,Bloomfield,C2,Bloomfield+C2,NW,BL,BEPA,2,BL_C2_BEPA_2,74,0.4,NB,,Y,,100,"Note: growing out side of bole 30cm off ground. Basal at trunk intersection
P",,4.6,1,3.4,1.2,
2017-07-27 12:04:46,Bloomfield,E1,Bloomfield+E1,SE,BL,VAAN,2,BL_E1_VAAN_2,18,0.3,B,O,Y,,100,,,4.6,1,3.4,1.2,
2017-07-27 16:55:49,Bloomfield,N7,Bloomfield+N7,SW,BL,VAAN,3,BL_N7_VAAN_3,24,0.2,B,"H
I",Y,,70,,,4.6,1,3.4,1.2,
2017-07-28 08:39:40,TNNP North,L8,TNNP North+L8,NE,TN,VAAN,1,TN_L8_VAAN_1,23,0.2,B,"I
O",,,100,,,4.6,1,3.4,1.2,
2017-07-28 09:04:11,TNNP North,L8,TNNP North+L8,NW,TN,VAAN,4,TN_L8_VAAN_4,29,0.3,B,"I
O",,,100,,,4.6,1,3.4,1.2,
2017-07-27 10:26:17,Bloomfield,C6,Bloomfield+C6,SE,BL,VAAN,2,BL_C6_VAAN_2,24,0.3,B,"I
H",Y,,80,,,4.7,1,3.4,1.3,
2017-07-27 11:04:50,Bloomfield,C4,Bloomfield+C4,NW,BL,VAAN,4,BL_C4_VAAN_4,11,0.5,B,"H
I
M",Y,,80,,,4.7,1,3.4,1.3,
2017-07-27 16:22:14,Bloomfield,N3,Bloomfield+N3,SW,BL,VAAN,3,BL_N3_VAAN_3,21,0.3,B,"H
I",,,80,,,4.7,1,3.4,1.3,
2017-07-28 13:47:00,Unicorn,C12,Unicorn+C12,SE,UNI,VAAN,2,UNI_C12_VAAN_2,15,0.2,,I,,,100,,,4.7,1,3.4,1.3,
2017-07-27 14:22:59,Bloomfield,I10,Bloomfield+I10,SW,BL,VAAN,3,BL_I10_VAAN_3,15,0.1,B,H,Y,,100,,,4.8,1,3.4,1.4,
2017-07-27 16:56:07,Bloomfield,N7,Bloomfield+N7,NW,BL,VAAN,4,BL_N7_VAAN_4,23,0.2,B,"H
I",Y,,100,,,4.8,1,3.4,1.4,
2017-07-28 09:51:10,TNNP North,L14,TNNP North+L14,NE,TN,VAAN,1,TN_L14_VAAN_1,15,0.2,B,"O
I",Y,,100,,,4.8,1,3.4,1.4,
2017-07-27 11:41:17,Bloomfield,C2,Bloomfield+C2,NW,BL,VAAN,4,BL_C2_VAAN_4,20,0.3,B,"O
I",,,70,,,4.9,1,3.4,1.5,
2017-07-27 12:04:46,Bloomfield,E1,Bloomfield+E1,SE,BL,VAAN,1,BL_E1_VAAN_1,21,0.4,B,"H
I",Y,,90,,,4.9,1,3.4,1.5,
2017-07-27 13:20:47,Bloomfield,C8,Bloomfield+C8,SW,BL,VAAN,2,BL_C8_VAAN_2,21,0.2,,H,Y,,100,,,5,1,3.4,1.6,
2017-07-27 15:51:20,Bloomfield,J1,Bloomfield+J1,SW,BL,VAAN,3,BL_J1_VAAN_3,30,0.2,B,"I
M",,,100,,,5,1,3.4,1.6,
2017-07-27 16:35:00,Bloomfield,N7,Bloomfield+N7,SE,BL,VAAN,2,BL_N7_VAAN_2,28,0.25,B,"H
I",,,60,,,5,1,3.4,1.6,
2017-07-28 11:31:32,TNNP North,A13,TNNP North+A13,SE,TN,VAAN,1,TN_A13_VAAN_1,14,0.2,,,,,100,Old H and O browse,,5,1,3.4,1.6,
2017-07-28 14:14:22,Unicorn,F11,Unicorn+F11,NE,UNI,VAAN,1,UNI_F11_VAAN_1,25,1.2,,H,,,100,Insect,,5,1,3.4,1.6,
2017-07-27 11:29:06,Bloomfield,C2,Bloomfield+C2,SE,BL,VAAN,2,BL_C2_VAAN_2,23,0.1,B,H,Y,,50,,,5.1,1,3.4,1.7,
2017-07-27 14:17:45,Bloomfield,I10,Bloomfield+I10,NE,BL,VAAN,1,BL_I10_VAAN_1,26,0.25,,"I
M",Y,,100,,,5.1,1,3.4,1.7,
2017-07-28 16:04:44,Unicorn,N7,Unicorn+N7,SW,UNI,VAAN,3,UNI_N7_VAAN_3,25,0.2,B,"H
I",Y,,100,,,5.1,1,3.4,1.7,
2017-07-28 08:58:20,TNNP North,L8,TNNP North+L8,SW,TN,VAAN,3,TN_L8_VAAN_3,38,0.3,B,"I
O",Y,,60,,,5.1,1,3.4,1.7,
2017-07-28 13:54:17,Unicorn,C12,Unicorn+C12,SW,UNI,VAAN,3,UNI_C12_VAAN_3,17,0.3,B,"H
I
O",,,100,,,5.1,1,3.4,1.7,
2017-07-28 14:41:00,Unicorn,F11,Unicorn+F11,NW,UNI,BEPA,3,UNI_F11_BEPA_3,42,1.7,B,"H
M",,,100,2 suckers,,5.1,1,3.4,1.7,
2017-07-27 11:00:16,Bloomfield,C4,Bloomfield+C4,SW,BL,VAAN,3,BL_C4_VAAN_3,48,0.2,B,O,Y,,60,,,5.2,1,3.4,1.8,
2017-07-27 13:48:58,Bloomfield,F13,Bloomfield+F13,NE,BL,VAAN,1,BL_F13_VAAN_1,27,0.2,B,"H
M
I",Y,,80,,,5.2,1,3.4,1.8,
2017-07-27 15:57:51,Bloomfield,N3,Bloomfield+N3,NE,BL,VAAN,1,BL_N3_VAAN_1,25,0.3,B,M,Y,,80,,,5.2,1,3.4,1.8,
2017-07-28 11:39:11,TNNP North,A13,TNNP North+A13,NW,TN,VAAN,3,TN_A13_VAAN_3,12,0.5,NB,,Y,,100,Old H and O browse,,5.2,1,3.4,1.8,
2017-07-28 13:40:23,Unicorn,C6,Unicorn+C6,SE,UNI,VAAN,3,UNI_C6_VAAN_3,32,0.3,B,"I
O",Y,,100,,,5.2,1,3.4,1.8,
2017-07-28 16:01:53,Unicorn,N7,Unicorn+N7,SW,UNI,ACRU,2,UNI_N7_ACRU_2,20,0.5,B,H,,,100,,,5.2,1,3.4,1.8,
2017-07-28 14:28:06,Unicorn,F11,Unicorn+F11,SW,UNI,VAAN,3,UNI_F11_VAAN_3,33,0.3,,I,Y,,60,,,5.2,1,3.4,1.8,
2017-07-27 14:18:31,Bloomfield,I10,Bloomfield+I10,SE,BL,VAAN,2,BL_I10_VAAN_2,16,0.3,,H,Y,,100,Correct screenshot ,,5.3,1,3.4,1.9,
2017-07-27 16:27:54,Bloomfield,N3,Bloomfield+N3,NW,BL,BEPA,1,BL_N3_BEPA_1,41,0.5,B,"M
I",,,,,,5.3,1,3.4,1.9,
2017-07-28 14:33:20,Unicorn,F11,Unicorn+F11,SW,UNI,ABBA,3,UNI_F11_ABBA_3,42,0.9,B,M,,,20,,,5.3,1,3.4,1.9,
2017-07-16 12:09:34,Bloomfield,A7,Bloomfield+A7,NE,BL,VAAN,1,BL_A7_VAAN_1,26,0.4,B,H,Y,,100,,39292FF9-309B-4A13-BC82-2D76D1C34A36,5.3,1,3.4,1.9,
2017-07-27 10:30:40,Bloomfield,C6,Bloomfield+C6,SW,BL,BEPA,2,BL_C6_BEPA_2,29,0.6,B,"O
M
H",,,80,,,5.4,1,3.4,2,
2017-07-27 11:07:45,Bloomfield,C4,Bloomfield+C4,NW,BL,BEPA,2,BL_C4_BEPA_2,80,0.8,B,"I
O",Y,,50,11 suckers,,5.4,1,3.4,2,
2017-07-27 11:34:35,Bloomfield,C2,Bloomfield+C2,SW,BL,ACRU,2,BL_C2_ACRU_2,24,0.5,B,H,Y,,100,,,5.4,1,3.4,2,
2017-07-27 13:28:50,Bloomfield,C8,Bloomfield+C8,NW,BL,ABBA,2,BL_C8_ABBA_2,109,1.6,B,M,,,50,Generally unhealthy ,,5.4,1,3.4,2,
2017-07-27 13:59:19,Bloomfield,F13,Bloomfield+F13,SW,BL,VAAN,3,BL_F13_VAAN_3,27,0.4,B,"O
I
H",Y,,70,,,5.4,1,3.4,2,
2017-07-27 14:26:02,Bloomfield,I10,Bloomfield+I10,NW,BL,VAAN,4,BL_I10_VAAN_4,21,0.3,B,H,Y,,100,,,5.4,1,3.4,2,
2017-07-27 15:01:59,Bloomfield,I6,Bloomfield+I6,NW,BL,BEPA,2,BL_I6_BEPA_2,32,0.3,,"H
M
I",,,90,,,5.4,1,3.4,2,
2017-07-27 16:01:19,Bloomfield,N3,Bloomfield+N3,SE,BL,VAAN,2,BL_N3_VAAN_2,38,0.3,B,"H
I",,,60,,,5.4,1,3.4,2,
2017-07-14 12:10:06,Unicorn,A1,Unicorn+A1,SE,UNI,BEPA,1,UNI_A1_BEPA_1,26,0.3,NB,,,,100,Growing off base of parent,06A2BA01-BAAD-4B22-82B9-692A1E258575,5.4,1,,5.4,
2017-07-28 08:23:08,TNNP North,F9,TNNP North+F9,SE,TN,ACRU,1,TN_F9_ACRU_1,22,0.3,B,"I
H",,,100,,,5.5,1,3.4,2.1,
2017-07-28 09:46:53,TNNP North,F13,TNNP North+F13,NE,TN,VAAN,1,TN_F13_VAAN_1,30,0.1,B,"O
I",,,100,,,5.5,1,3.4,2.1,
2017-07-28 10:21:01,TNNP North,G14,TNNP North+G14,NE,TN,VAAN,1,TN_G14_VAAN_1,10,0.1,NB,,,,100,,,5.5,1,3.4,2.1,
2017-07-28 16:12:59,Unicorn,N7,Unicorn+N7,NW,UNI,VAAN,4,UNI_N7_VAAN_4,19,0.2,B,"I
O
H",Y,,100,,,5.5,1,3.4,2.1,
2017-07-28 08:49:41,TNNP North,L8,TNNP North+L8,SE,TN,ACRU,2,TN_L8_ACRU_2,30,0.3,B,H,,,100,,,5.5,1,3.4,2.1,
2017-07-28 08:46:37,TNNP North,L8,TNNP North+L8,SE,TN,VAAN,2,TN_L8_VAAN_2,30,0.4,B,"I
O",,,80,,,5.5,1,3.4,2.1,
2017-07-28 12:08:15,TNNP North,C4,TNNP North+C4,NW,TN,VAAN,3,TN_C4_VAAN_3,25,0.3,B,O,Y,,100,,,5.5,1,3.4,2.1,
2017-07-19 12:35:26,Bloomfield,F5,Bloomfield+F5,NW,BL,BEPA,2,BL_F5_BEPA_2,19,0.6,B,"I
H
M",,,100,,611C091E-A729-4A3F-A576-1F8C6FCF86E1,5.5,1,,5.5,
2017-07-28 15:33:19,Unicorn,L6,Unicorn+L6,NW,UNI,ABBA,3,UNI_L6_ABBA_3,13,0.3,B,O,,,100,,,5.6,1,3.4,2.2,
2017-07-14 14:28:39,Unicorn,A7,Unicorn+A7,SE,UNI,VAAN,1,UNI_A7_VAAN_1,30,0.2,NB,,,,100,,F5B455B8-836D-494F-A944-64F4A5D73CFA,5.6,1,,5.6,
2017-07-27 14:55:51,Bloomfield,I6,Bloomfield+I6,SW,BL,VAAN,3,BL_I6_VAAN_3,17,0.2,B,"M
H",,,100,,,5.7,1,3.4,2.3,
2017-07-27 11:22:14,Bloomfield,C2,Bloomfield+C2,NE,BL,ACRU,1,BL_C2_ACRU_1,33,0.4,NB,,Y,,100,,,5.8,1,3.4,2.4,
2017-07-27 14:01:29,Bloomfield,F13,Bloomfield+F13,NW,BL,VAAN,4,BL_F13_VAAN_4,26,0.3,,O,Y,,70,,,5.8,1,3.4,2.4,
2017-07-27 14:50:58,Bloomfield,I6,Bloomfield+I6,NE,BL,BEPA,1,BL_I6_BEPA_1,36,0.6,B,"H
I",,,100,1 sucker,,5.8,1,3.4,2.4,
2017-07-28 12:01:56,TNNP North,A11,TNNP North+A11,SE,TN,ACRU,2,TN_A11_ACRU_2,33,0.2,,I,,,100,"This will fall in ground/Shrub plot 5%

Galls",,5.8,1,3.4,2.4,
2017-07-27 11:38:45,Bloomfield,C2,Bloomfield+C2,NW,BL,ACRU,3,BL_C2_ACRU_3,33,3.8,B,"H
M",Y,,90,"Large stem broken off and another heavily browsed, hence high high basal DBH",,5.9,1,3.4,2.5,
2017-07-28 11:15:18,TNNP North,C14,TNNP North+C14,NW,TN,VAAN,4,TN_C14_VAAN_4,15,0.2,B,"I
O",Y,,100,,,5.9,1,3.4,2.5,
2017-07-28 14:29:52,Unicorn,F3,Unicorn+F3,SE,UNI,ABBA,2,UNI_F3_ABBA_2,17,0.3,NB,,,,80,,,5.9,1,3.4,2.5,
2017-07-28 15:11:44,Unicorn,L6,Unicorn+L6,NE,UNI,VAAN,1,UNI_L6_VAAN_1,34,0.2,B,"I
M",Y,,100,,,5.9,1,3.4,2.5,
2017-07-28 11:08:43,TNNP North,C10,TNNP North+C10,NE,TN,VAAN,1,TN_C10_VAAN_1,21,0.3,B,"I
O",,,80,,,5.9,1,3.4,2.5,
2017-07-15 13:28:38,Dunphys Pond,A1,Dumphys Pond+A1,SW,DP,ABBA,2,DP_A1_ABBA_2,22,0.4,NB,,,,80,,360982C0-31BE-4015-8A19-3170C5712F66,5.9,1,,5.9,
2017-07-15 12:29:10,Dunphys Pond,A1,Dumphys Pond+A1,NE,DP,VAAN,1,DP_A1_VAAN_1,28,0.3,B,O,,,100,,549B99FE-82DD-47B7-B8C1-29012A3C6B91,5.9,1,,5.9,
2017-07-27 14:54:31,Bloomfield,I6,Bloomfield+I6,SW,BL,ACRU,1,BL_I6_ACRU_1,25,0.5,B,O,Y,,80,,,6,1,3.4,2.6,
2017-07-28 12:08:42,TNNP North,A11,TNNP North+A11,SW,TN,ACRU,3,TN_A11_ACRU_3,27,0.3,,I,Y,,100,,,6,1,3.4,2.6,
2017-07-28 08:42:45,TNNP North,L8,TNNP North+L8,SE,TN,ABBA,1,TN_L8_ABBA_1,25,0.6,,,,,,,,6,1,3.4,2.6,
2017-07-27 15:53:43,Bloomfield,J1,Bloomfield+J1,NW,BL,VAAN,4,BL_J1_VAAN_4,43,0.8,B,"O
H
I",Y,,60,,,6.1,1,3.4,2.7,
2017-07-27 16:31:45,Bloomfield,N7,Bloomfield+N7,NE,BL,VAAN,1,BL_N7_VAAN_1,36,0.35,B,"O
I",Y,,50,,,6.1,1,3.4,2.7,
2017-07-28 15:06:49,Unicorn,L6,Unicorn+L6,NE,UNI,ACRU,1,UNI_L6_ACRU_1,30,0.5,B,O,Y,,100,,,6.1,1,3.4,2.7,
2017-07-28 15:30:50,Unicorn,L6,Unicorn+L6,SW,UNI,BEPA,2,UNI_L6_BEPA_2,62,0.3,B,I,,,100,Growing at 20cm from ground. 1 sucker,,6.1,1,3.4,2.7,
2017-07-28 16:01:19,Unicorn,N7,Unicorn+N7,SE,UNI,ACRU,1,UNI_N7_ACRU_1,24,0.3,NB,,,,100,,,6.1,1,3.4,2.7,
2017-07-28 15:57:46,Unicorn,N7,Unicorn+N7,SE,UNI,VAAN,2,UNI_N7_VAAN_2,18,0.3,B,"H
M
I",,,100,,,6.1,1,3.4,2.7,
2017-07-28 14:43:11,Unicorn,F11,Unicorn+F11,NW,UNI,VAAN,4,UNI_F11_VAAN_4,50,0.4,NB,I,Y,,90,,,6.1,1,3.4,2.7,
2017-07-27 12:10:17,Bloomfield,E1,Bloomfield+E1,SW,BL,BEPA,2,BL_E1_BEPA_2,28,0.8,B,"H
I",,,100,5 suckers,,6.2,1,3.4,2.8,
2017-07-28 11:57:03,TNNP North,C4,TNNP North+C4,SE,TN,VAAN,2,TN_C4_VAAN_2,14,0.3,B,"H
O",Y,,80,,,6.2,1,3.4,2.8,
2017-07-16 12:46:55,Bloomfield,A7,Bloomfield+A7,NW,BL,VAAN,4,BL_A7_VAAN_4,21,0.3,B,H,,,100,,275EA687-E421-4277-9A6E-325984E04168,6.3,1,3.4,2.9,
2017-07-28 11:20:29,TNNP North,C10,TNNP North+C10,SE,TN,VAAN,2,TN_C10_VAAN_2,43,0.6,B,"O
I",Y,Y,20,,,6.4,1,3.4,3,
2017-07-28 15:12:49,Unicorn,I12,Unicorn+I12,SW,UNI,BEPA,2,UNI_I12_BEPA_2,73,0.9,B,"M
H
I",,,100,"26 cm off the ground
2 suckers total",,6.4,1,3.4,3,
2017-07-27 13:12:55,Bloomfield,C8,Bloomfield+C8,SE,BL,ABBA,1,BL_C8_ABBA_1,23,1.5,B,"M
H",,,30,,,6.5,1,3.4,3.1,
2017-07-27 14:38:11,Bloomfield,I6,Bloomfield+I6,NE,BL,VAAN,1,BL_I6_VAAN_1,24,0.6,B,"M
H
I",Y,,60,,,6.5,1,3.4,3.1,
2017-07-28 10:31:31,TNNP North,G14,TNNP North+G14,SW,TN,VAAN,3,TN_G14_VAAN_3,22,0.2,B,I,Y,Y,100,,,6.5,1,3.4,3.1,
2017-07-28 09:54:25,TNNP North,L14,TNNP North+L14,SW,TN,VAAN,2,TN_L14_VAAN_2,57,0.7,B,"H
M
I",Y,,30,,,6.5,1,3.4,3.1,
2017-07-28 11:29:36,TNNP North,C10,TNNP North+C10,NW,TN,VAAN,3,TN_C10_VAAN_3,24,0.4,B,"O
I",Y,,80,,,6.5,1,3.4,3.1,
2017-07-28 13:59:45,Unicorn,C12,Unicorn+C12,NW,UNI,VAAN,4,UNI_C12_VAAN_4,33,0.4,B,"O
I",Y,,80,,,6.5,1,3.4,3.1,
2017-07-28 14:22:17,Unicorn,F11,Unicorn+F11,SE,UNI,VAAN,2,UNI_F11_VAAN_2,32,0.3,NB,,,,50,I,,6.5,1,3.4,3.1,
2017-07-16 12:26:26,Bloomfield,A7,Bloomfield+A7,SE,BL,VAAN,2,BL_A7_VAAN_2,28,0.3,B,"H
I",,,100,,1C56A7D2-3BF2-4F3C-B853-6A8A394D4BED,6.5,1,3.4,3.1,
2017-07-28 11:58:29,TNNP North,A11,TNNP North+A11,SE,TN,VAAN,2,TN_A11_VAAN_2,21,0.2,B,I,Y,,100,,,6.6,1,3.4,3.2,
2017-07-28 10:04:06,TNNP North,L14,TNNP North+L14,NW,TN,VAAN,3,TN_L14_VAAN_3,13,0.3,B,"I
O",Y,,90,,,6.6,1,3.4,3.2,
2017-07-16 13:04:24,Bloomfield,N1,Bloomfield+N1,SE,BL,VAAN,2,BL_N1_VAAN_2,50,0.3,B,H,,,100,,B1D7E28B-5F21-48E8-8989-5DC53EA6EA45,6.6,1,,6.6,
2017-07-28 13:46:08,Unicorn,C6,Unicorn+C6,SE,UNI,BEPA,1,UNI_C6_BEPA_1,33,0.4,B,"H
M
I",Y,,100,4 suckers,,6.7,1,3.4,3.3,
2017-07-16 12:20:26,Bloomfield,A7,Bloomfield+A7,NE,BL,ACRU,1,BL_A7_ACRU_1,33,0.4,B,H,,,100,,0D90E492-6EC5-4E14-B826-564E45C8C39C,6.7,1,3.4,3.3,
2017-07-18 15:25:42,Dunphys Pond,F9,Dumphys Pond+F9,SW,DP,ACRU,3,DP_F9_ACRU_3,48,0.5,B,O,,,100,,4923640A-12C0-4867-814C-05AB4D1E0C98,6.7,1,,6.7,
2017-07-28 10:52:21,TNNP North,I10,TNNP North+I10,NW,TN,VAAN,4,TN_I10_VAAN_4,20,0.5,B,"O
I",,,30,,,6.8,1,3.4,3.4,
2017-07-27 13:50:40,Bloomfield,F13,Bloomfield+F13,NE,BL,ABBA,1,BL_F13_ABBA_1,147,3.3,B,"H
M",,,20,Not healthy,,6.9,1,3.4,3.5,
2017-07-28 15:53:50,Unicorn,N7,Unicorn+N7,NE,UNI,BEPA,1,UNI_N7_BEPA_1,53,0.3,B,I,Y,,100,"2suckers, base of parent tree",,6.9,1,3.4,3.5,
2017-07-28 14:46:03,Unicorn,I12,Unicorn+I12,NE,UNI,BEPA,1,UNI_I12_BEPA_1,26,0.4,,,,,70,"1 sucker, leaf damag",,6.9,1,3.4,3.5,
2017-07-14 14:10:29,Unicorn,A7,Unicorn+A7,NE,UNI,ABBA,1,UNI_A7_ABBA_1,24,0.4,,,,,30,,AD5E51C5-025C-4635-9522-31B96D007F3C,6.9,1,,6.9,
2017-07-27 13:57:59,Bloomfield,F13,Bloomfield+F13,SE,BL,BEPA,1,BL_F13_BEPA_1,66,1.2,B,"H
M
I",,,100,"32 up the trunk, 2 large suckers. Heavily browsed ",,7,1,3.4,3.6,
2017-07-28 14:38:40,Unicorn,F3,Unicorn+F3,SW,UNI,ABBA,3,UNI_F3_ABBA_3,44,1.1,NB,,,,60,Old M browse,,7,1,3.4,3.6,
2017-07-28 08:35:31,TNNP North,L8,TNNP North+L8,NE,TN,ACRU,1,TN_L8_ACRU_1,64,0.7,B,"H
I",,,40,,,7,1,3.4,3.6,
2017-07-27 09:39:08,Bloomfield,C6,Bloomfield+C6,NE,BL,VAAN,1,BL_C6_VAAN_1,53,1.1,B,"H
M",Y,,50,,,7.1,1,3.4,3.7,
2017-07-28 10:27:38,TNNP North,G14,TNNP North+G14,SW,TN,VAAN,2,TN_G14_VAAN_2,17,0.3,B,"I
O",Y,,100,,,7.1,1,3.4,3.7,
2017-07-28 14:08:19,Unicorn,F3,Unicorn+F3,NE,UNI,BEPA,1,UNI_F3_BEPA_1,55,1.2,B,"M
H
I",,,60,1 sucker,,7.1,1,3.4,3.7,
2017-07-28 13:50:01,Unicorn,C12,Unicorn+C12,SW,UNI,ACRU,2,UNI_C12_ACRU_2,38,0.5,NB,,,,100,,,7.1,1,3.4,3.7,
2017-07-28 15:21:43,Unicorn,I12,Unicorn+I12,NW,UNI,ACRU,4,UNI_I12_ACRU_4,76,1.3,B,"H
M",,,100,,,7.1,1,3.4,3.7,
2017-07-28 15:40:41,Unicorn,L14,Unicorn+L14,SE,UNI,VAAN,2,UNI_L14_VAAN_2,45,0.6,B,O,Y,,30,,,7.1,1,3.4,3.7,
2017-07-28 11:13:05,TNNP North,C10,TNNP North+C10,NE,TN,BEPA,1,TN_C10_BEPA_1,42,0.6,B,"I
O",,,100,,,7.2,1,3.4,3.8,
2017-07-28 13:44:43,Unicorn,C12,Unicorn+C12,SE,UNI,ABBA,2,UNI_C12_ABBA_2,45,0.6,,M,,,20,,,7.2,1,3.4,3.8,
2017-07-28 14:02:59,Unicorn,C12,Unicorn+C12,NW,UNI,ABBA,4,UNI_C12_ABBA_4,42,0.5,B,M,,,30,,,7.2,1,3.4,3.8,
2017-07-28 14:18:02,Unicorn,F11,Unicorn+F11,NE,UNI,BEPA,1,UNI_F11_BEPA_1,40,1,B,"M
H
I",,,30,,,7.2,1,3.4,3.8,
2017-07-28 15:44:21,Unicorn,L14,Unicorn+L14,SE,UNI,ABBA,1,UNI_L14_ABBA_1,29,0.7,NB,,,,70,Semi established,,7.2,1,3.4,3.8,
2017-07-14 15:08:24,Unicorn,A7,Unicorn+A7,NE,UNI,VAAN,3,UNI_A7_VAAN_3,21,0.3,B,I,,,100,,A817F5D3-37D4-44FF-93C4-6CD963EAAF8E,7.2,1,,7.2,
2017-07-28 12:14:36,TNNP North,A11,TNNP North+A11,NW,TN,VAAN,4,TN_A11_VAAN_4,36,0.2,B,I,Y,,100,Old other browse ,,7.3,1,3.4,3.9,
2017-07-28 15:14:17,Unicorn,L6,Unicorn+L6,SE,UNI,VAAN,2,UNI_L6_VAAN_2,22,0.2,B,I,Y,,100,,,7.3,1,3.4,3.9,
2017-07-28 09:29:36,TNNP North,L12,TNNP North+L12,SW,TN,VAAN,3,TN_L12_VAAN_3,23,0.3,B,"O
I",,,,,,7.3,1,3.4,3.9,
2017-07-15 15:55:31,Dunphys Pond,A11,Dumphys Pond+A11,SW,DP,VAAN,3,DP_A11_VAAN_3,37,0.3,NB,,,,100,,2B97B1DC-D5F8-4FA0-ADAE-92D736290C79,7.3,1,,7.3,
2017-07-28 13:49:02,Unicorn,C6,Unicorn+C6,SW,UNI,BEPA,2,UNI_C6_BEPA_2,62,0.4,B,I,,,100,"6 suckers

Old H browse",,7.4,1,3.4,4,
2017-07-28 08:53:24,TNNP North,L8,TNNP North+L8,SW,TN,ACRU,3,TN_L8_ACRU_3,43,0.9,B,"H
M
I",Y,,60,,,7.4,1,3.4,4,
2017-07-28 13:41:27,Unicorn,C12,Unicorn+C12,SE,UNI,BEPA,2,UNI_C12_BEPA_2,61,1.7,B,"M
H",Y,,100,2 suckers,,7.4,1,3.4,4,
2017-07-14 14:53:05,Unicorn,A7,Unicorn+A7,NW,UNI,ACRU,2,UNI_A7_ACRU_2,32,0.4,NB,,,,100,,36FD9198-E6B3-492D-8887-9F0BD3051D4A,7.4,1,,7.4,
2017-07-28 13:54:42,Unicorn,C6,Unicorn+C6,NW,UNI,VAAN,4,UNI_C6_VAAN_4,33,0.4,B,"H
O
I",Y,,50,,,7.5,1,3.4,4.1,
2017-07-28 15:01:26,Unicorn,I12,Unicorn+I12,NE,UNI,ABBA,1,UNI_I12_ABBA_1,32,0.9,B,M,,,80,,,7.5,1,3.4,4.1,
2017-07-28 14:25:09,Unicorn,F3,Unicorn+F3,SE,UNI,VAAN,2,UNI_F3_VAAN_2,27,0.5,B,"H
I",Y,Y,50,,,7.6,1,3.4,4.2,
2017-07-28 15:24:56,Unicorn,I12,Unicorn+I12,NW,UNI,ABBA,4,UNI_I12_ABBA_4,37,1.4,B,M,,,20,,,7.6,1,3.4,4.2,
2017-07-28 11:35:44,TNNP North,A13,TNNP North+A13,SW,TN,VAAN,2,TN_A13_VAAN_2,28,0.2,B,I,,,100,Old O browse,,7.7,1,3.4,4.3,
2017-07-28 13:31:11,Unicorn,C12,Unicorn+C12,NE,UNI,ABBA,1,UNI_C12_ABBA_1,47,1.2,,"H
M",,,20,,,7.7,1,3.4,4.3,
2017-07-28 15:14:27,Unicorn,I12,Unicorn+I12,SW,UNI,VAAN,3,UNI_I12_VAAN_3,46,0.3,B,M,Y,,,,,7.7,1,3.4,4.3,
2017-07-15 12:45:19,Dunphys Pond,A1,Dumphys Pond+A1,SE,DP,VAAN,2,DP_A1_VAAN_2,25,0.3,NB,,,,100,,0C8D2504-5F89-4719-B630-7299112CC547,7.7,1,,7.7,
2017-07-15 13:23:46,Dunphys Pond,A1,Dumphys Pond+A1,NW,DP,VAAN,4,DP_A1_VAAN_4,36,0.3,B,I,Y,,70,,A7219A03-9CA7-4FF3-9AA6-37AC0FB78077,7.7,1,,7.7,
2017-07-28 14:21:43,Unicorn,F11,Unicorn+F11,SE,UNI,ABBA,2,UNI_F11_ABBA_2,35,1.1,B,M,,,30,,,7.8,1,3.4,4.4,
2017-07-28 15:08:02,Unicorn,I12,Unicorn+I12,SE,UNI,ABBA,2,UNI_I12_ABBA_2,31,1.8,B,M,,,60,,,7.8,1,3.4,4.4,
2017-07-28 15:18:41,Unicorn,I12,Unicorn+I12,SW,UNI,ABBA,3,UNI_I12_ABBA_3,37,1.6,B,M,,,30,,,7.8,1,3.4,4.4,
2017-07-14 12:25:55,Unicorn,A1,Unicorn+A1,SW,UNI,VAAN,3,UNI_A1_VAAN_3,54,0.4,B,I,,,100,,36196F53-3FA9-48DB-AADD-D620F9F47ED8,7.8,1,,7.8,
2017-07-28 09:01:24,TNNP North,L8,TNNP North+L8,NW,TN,ACRU,4,TN_L8_ACRU_4,55,0.8,B,"I
H
M",Y,,50,,,7.9,1,3.4,4.5,
2017-07-28 14:34:46,Unicorn,F11,Unicorn+F11,SW,UNI,BEPA,2,UNI_F11_BEPA_2,57,1.4,B,"M
H
I",,,50,,,7.9,1,3.4,4.5,
2017-07-18 15:05:55,Dunphys Pond,F9,Dumphys Pond+F9,NE,DP,ACRU,1,DP_F9_ACRU_1,50,0.6,B,"H
I",,,90,,666A58CB-24D3-4925-8757-C4FB81D0FDC3,7.9,1,,7.9,
2017-07-24 13:03:25,Bloomfield,A1,Bloomfield+A1,NE,BL,BEPA,1,BL_A1_BEPA_1,25,0.2,B,"M
I",Y,,100,Growing at base of larger tree,42AD54D5-FBAB-430F-9BC2-3BA3C82E3133,8,1,3.4,4.6,
2017-07-27 11:59:37,Bloomfield,E1,Bloomfield+E1,NE,BL,ACRU,1,BL_E1_ACRU_1,63,0.7,NB,,,,60,,,8,1,3.4,4.6,
2017-07-27 15:56:51,Bloomfield,J1,Bloomfield+J1,NW,BL,ABBA,1,BL_J1_ABBA_1,107,5.8,B,"M
H",Y,,50,"Candlestick

Notes this one has earlier screenshot of J1. Should be N3... others after this in records /screenshots changed from J1 to N3...

Sorry THIS one IS J1.. next are N3",,8,1,3.4,4.6,
2017-07-28 14:14:47,Unicorn,F3,Unicorn+F3,NE,UNI,ACRU,1,UNI_F3_ACRU_1,40,1.4,B,"H
I",,,100,"5 suckers

Old M browse",,8,1,3.4,4.6,
2017-07-28 14:11:33,Unicorn,F3,Unicorn+F3,NE,UNI,VAAN,1,UNI_F3_VAAN_1,38,0.6,B,H,Y,,60,,,8,1,3.4,4.6,
2017-07-28 15:16:20,Unicorn,L6,Unicorn+L6,SE,UNI,ACRU,2,UNI_L6_ACRU_2,38,0.5,B,"H
I",,,100,,,8,1,3.4,4.6,
2017-07-28 09:24:17,TNNP North,L12,TNNP North+L12,SE,TN,VAAN,2,TN_L12_VAAN_2,48,0.4,B,"I
O",,,80,,,8,1,3.4,4.6,
2017-07-18 11:15:52,Dunphys Pond,C14,Dumphys Pond+C14,NE,DP,VAAN,1,DP_C14_VAAN_1,27,0.4,B,I,Y,Y,90,,8B7BC5E4-A934-45DA-BA5D-D8AE4B3013B2,8,1,,8,
2017-07-23 14:41:20,TNNP North,I6,TNNP North+I6,SW,TN,ACRU,3,TN_I6_ACRU_3,26,0.2,NB,,,,100,,9E8A495F-6195-4D19-ABB3-9A12FFC59BEE,8.1,2,3.4,1.3,
2017-07-18 09:51:37,Dunphys Pond,C4,Dumphys Pond+C4,SW,DP,ACRU,3,DP_C4_ACRU_3,36,0.8,B,"H
I",Y,,80,,135A6313-376A-4FA7-8A94-A9AB16FFCE72,8.1,1,,8.1,
2017-07-19 12:32:57,Bloomfield,F5,Bloomfield+F5,NW,BL,VAAN,4,BL_F5_VAAN_4,31,0.4,B,"H
M
I",Y,,100,,9AF33D6F-B18D-4505-8360-6D2DAE226E02,8.1,1,,8.1,
2017-07-28 13:32:03,Unicorn,C6,Unicorn+C6,NE,UNI,VAAN,2,UNI_C6_VAAN_2,50,0.5,B,"I
O
H",Y,,40,,,8.2,1,3.4,4.8,
2017-07-28 09:21:54,TNNP North,L12,TNNP North+L12,NE,TN,VAAN,1,TN_L12_VAAN_1,27,0.4,B,"O
I",Y,,100,,,8.2,1,3.4,4.8,
2017-07-28 14:38:03,Unicorn,F11,Unicorn+F11,NW,UNI,ABBA,4,UNI_F11_ABBA_4,57,2.1,,M,,,20,Very limited moose browse..one bite on old terminal,,8.2,1,3.4,4.8,
2017-07-28 14:45:23,Unicorn,F3,Unicorn+F3,NW,UNI,VAAN,4,UNI_F3_VAAN_4,46,0.7,B,"I
O",Y,,40,,,8.3,1,3.4,4.9,
2017-07-28 16:11:56,Unicorn,N7,Unicorn+N7,,UNI,ACRU,3,UNI_N7_ACRU_3,68,0.5,B,"I
O
M",,,70,,,8.3,1,3.4,4.9,
2017-07-15 12:25:22,Dunphys Pond,A1,Dumphys Pond+A1,NE,DP,ACRU,1,DP_A1_ACRU_1,54,0.4,B,H,,,100,,FF288EF0-D0CC-42A1-82C7-A2560B56C0AE,8.3,1,,8.3,
2017-07-16 12:52:52,Bloomfield,N1,Bloomfield+N1,NE,BL,ACRU,1,BL_N1_ACRU_1,58,0.6,B,I,,,30,,808D86DB-CD7B-4C2F-AF15-C0283A99E8C4,8.3,1,,8.3,
2017-07-27 13:15:34,Bloomfield,C8,Bloomfield+C8,SW,BL,BEPA,1,BL_C8_BEPA_1,76,1.4,B,"I
M
H",Y,,50,Suckers:15 correct screenshot ,,8.4,1,3.4,5,
2017-07-15 16:07:34,Dunphys Pond,A11,Dumphys Pond+A11,NW,DP,VAAN,4,DP_A11_VAAN_4,28,0.4,B,I,,,70,,16F71B2D-6D24-4C52-9E6B-AAA2630C2B73,8.5,1,,8.5,
2017-07-18 15:30:49,Dunphys Pond,F9,Dumphys Pond+F9,SW,DP,VAAN,3,DP_F9_VAAN_3,43,0.8,B,"M
I",Y,,70,,8C9FBD55-2732-4CF8-9AA1-530E71D0DB9E,8.5,1,,8.5,
2017-07-28 10:12:39,TNNP North,F13,TNNP North+F13,NW,TN,VAAN,3,TN_F13_VAAN_3,24,0.3,B,"M
I
O",Y,,100,,,8.6,1,3.4,5.2,
2017-07-28 14:32:11,Unicorn,F3,Unicorn+F3,SW,UNI,VAAN,3,UNI_F3_VAAN_3,53,0.6,B,I,Y,,60,Old H browse,,8.6,1,3.4,5.2,
2017-07-28 15:10:58,Unicorn,I12,Unicorn+I12,SE,UNI,VAAN,2,UNI_I12_VAAN_2,45,0.4,B,"I
O",Y,,60,,,8.6,1,3.4,5.2,
2017-07-15 15:47:39,Dunphys Pond,A11,Dumphys Pond+A11,SE,DP,BEPA,2,DP_A11_BEPA_2,43,0.8,B,M,,,100,,40889073-C0E7-4C4E-9415-BDD384A9D0F9,8.6,1,,8.6,
2017-07-28 13:41:48,Unicorn,C6,Unicorn+C6,SE,UNI,ABBA,1,UNI_C6_ABBA_1,106,1.7,NB,,Y,,100,"Last living branch at 48cm

Old H and M browse",,8.7,1,3.4,5.3,
2017-07-28 16:08:17,Unicorn,N7,Unicorn+N7,SW,UNI,ABBA,2,UNI_N7_ABBA_2,25,0.5,B,O,,,100,Unhealthy,,8.7,1,3.4,5.3,
2017-07-28 11:04:56,TNNP North,C14,TNNP North+C14,SW,TN,VAAN,3,TN_C14_VAAN_3,35,0.6,B,I,,,100,Old other browse,,8.8,1,3.4,5.4,
2017-07-28 10:56:29,TNNP North,C14,TNNP North+C14,NE,TN,ACRU,1,TN_C14_ACRU_1,28,0.4,B,"I
O",,,100,"O
Old moose browse",,8.9,1,3.4,5.5,
2017-07-28 09:08:37,TNNP North,L8,TNNP North+L8,SE,TN,ABBA,2,TN_L8_ABBA_2,43,1,B,"M
H",,,30,,,8.9,1,3.4,5.5,
2017-07-28 14:18:48,Unicorn,F11,Unicorn+F11,SE,UNI,ACRU,2,UNI_F11_ACRU_2,80,0.6,B,"M
I",Y,,30,,,8.9,1,3.4,5.5,
2017-07-28 15:02:42,Unicorn,I12,Unicorn+I12,NE,UNI,VAAN,1,UNI_I12_VAAN_1,48,0.5,B,M,Y,,40,,,8.9,1,3.4,5.5,
2017-07-14 11:59:12,Unicorn,A1,Unicorn+A1,SE,UNI,ACRU,2,UNI_A1_ACRU_2,50,0.4,NB,,Y,,100,,FC34C160-3D68-493D-B2DD-FB0E4BDF788C,8.9,1,,8.9,
2017-07-18 15:13:08,Dunphys Pond,F9,Dumphys Pond+F9,SE,DP,VAAN,2,DP_F9_VAAN_2,38,0.3,B,"I
M",Y,,70,,5B2492CB-18D3-4A45-8088-A51EA6918CE9,8.9,1,,8.9,
2017-07-19 12:07:06,Bloomfield,F5,Bloomfield+F5,NE,BL,VAAN,1,BL_F5_VAAN_1,29,0.4,B,"H
I",Y,Y,80,,E1F75FA1-E88C-4EEC-9CDE-3B0E8F3F536C,8.9,1,,8.9,
2017-07-28 15:24:54,Unicorn,L6,Unicorn+L6,SW,UNI,ACRU,3,UNI_L6_ACRU_3,54,0.5,B,"I
O",Y,,70,,,9,1,3.4,5.6,
2017-07-28 15:16:32,Unicorn,I12,Unicorn+I12,SW,UNI,ACRU,3,UNI_I12_ACRU_3,57,0.5,B,"H
M",Y,,50,,,9,1,3.4,5.6,
2017-07-27 16:31:10,Bloomfield,N7,Bloomfield+N7,NE,BL,ACRU,1,BL_N7_ACRU_1,51,0.4,B,"H
M
I",,,60,"Large stem, broken. 6 suckers

Measurements on largest sucker",,9.1,1,3.4,5.7,
2017-07-14 15:02:08,Unicorn,A7,Unicorn+A7,NW,UNI,ABBA,4,UNI_A7_ABBA_4,37,1.2,B,O,,,20,,2E79E663-0092-444D-A8CF-FAB561C5CE72,9.1,1,,9.1,
2017-07-14 15:06:06,Unicorn,A7,Unicorn+A7,NE,UNI,ACRU,3,UNI_A7_ACRU_3,37,0.4,NB,,Y,,80,,13FE6799-4AD7-47B0-AC03-B685D661E7DF,9.1,1,,9.1,
2017-07-28 11:49:14,TNNP North,C4,TNNP North+C4,NE,TN,VAAN,1,TN_C4_VAAN_1,23,0.5,B,"H
I
O",,,30,,,9.2,1,3.4,5.8,
2017-07-28 14:01:27,Unicorn,C12,Unicorn+C12,NW,UNI,BEPA,4,UNI_C12_BEPA_4,54,1.1,B,"H
M
I",,,40,,,9.2,1,3.4,5.8,
2017-07-14 12:02:36,Unicorn,A1,Unicorn+A1,SE,UNI,VAAN,2,UNI_A1_VAAN_2,24,0.2,B,I,,,100,,984AB861-CEAC-469F-B144-FB2C884CE5BA,9.2,1,,9.2,
2017-07-20 16:05:57,Dunphys Pond,I2,Dumphys Pond+I2,SE,DP,BEPA,2,DP_I2_BEPA_2,40,0.2,B,I,,,100,,ECCA1739-0A7E-4974-A0BE-B954534D0812,9.2,2,,9.2,
2017-07-24 13:49:40,Bloomfield,A1,Bloomfield+A1,SE,BL,BEPA,2,BL_A1_BEPA_2,28,1,B,"M
I",,,100,,EB0D6062-17BE-4BBD-8BF1-75344BA1F016,9.3,1,3.4,5.9,
2017-07-28 13:52:13,Unicorn,C6,Unicorn+C6,NW,UNI,BEPA,3,UNI_C6_BEPA_3,61,0.6,B,I,Y,,60,2 suckers,,9.3,1,3.4,5.9,
2017-07-28 10:21:50,TNNP North,I10,TNNP North+I10,NE,TN,VAAN,1,TN_I10_VAAN_1,41,0.6,B,"H
O
I",Y,,20,,,9.3,1,3.4,5.9,
2017-07-28 15:36:19,Unicorn,L14,Unicorn+L14,NE,UNI,VAAN,1,UNI_L14_VAAN_1,47,0.7,B,"I
O",Y,,40,,,9.3,1,3.4,5.9,
2017-07-28 15:46:27,Unicorn,L14,Unicorn+L14,SW,UNI,VAAN,3,UNI_L14_VAAN_3,44,0.5,B,"I
O",Y,,40,,,9.3,1,3.4,5.9,
2017-07-16 13:16:24,Bloomfield,N1,Bloomfield+N1,NW,BL,VAAN,4,BL_N1_VAAN_4,43,0.4,B,"I
O",,,60,,2A41A58B-9BD2-4D84-ACCE-7EF477B947F2,9.3,1,,9.3,
2017-07-18 15:39:54,Dunphys Pond,F9,Dumphys Pond+F9,NW,DP,ACRU,4,DP_F9_ACRU_4,51,0.7,B,"I
O",Y,,30,,7009EC55-71C9-49BE-8548-89A70A2B1683,9.3,1,,9.3,
2017-07-28 09:06:46,TNNP North,F11,TNNP North+F11,SE,TN,ACRU,2,TN_F11_ACRU_2,103,1,B,"O
I",Y,,50,,,9.4,1,3.4,6,
2017-07-15 15:23:45,Dunphys Pond,A11,Dumphys Pond+A11,NE,DP,ABBA,1,DP_A11_ABBA_1,34,0.8,NB,,,,50,,42D0C166-22CF-40C2-9896-1CEE7F152D6D,9.4,1,,9.4,
,Dunphys Pond,N9,Dunphys Pond+N9,NE,DP,VAAN,1,DP_N9_VAAN_1,63,0.3,B,"H 
M 
I",,,90,,,9.4,1,3.4,6,
2017-07-25 11:13:53,TNNP North,N9,TNNP North+N9,NE,TN,VAAN,1,TN_N9_VAAN_1,22,0.2,NB,,,,100,,13E95EBF-C94B-41B9-8209-4B398FAC4ABB,9.5,2,3.4,2.7,
2017-07-28 15:36:48,Unicorn,L6,Unicorn+L6,NW,UNI,VAAN,4,UNI_L6_VAAN_4,46,0.5,B,"M
O
I",Y,,50,,,9.5,1,3.4,6.1,
2017-07-15 15:44:00,Dunphys Pond,A11,Dumphys Pond+A11,SE,DP,ABBA,2,DP_A11_ABBA_2,20,0.4,NB,,,,100,,B330229E-BD73-4B3F-A165-622351AED1BE,9.5,1,,9.5,
2017-07-28 09:18:30,TNNP North,F11,TNNP North+F11,SW,TN,VAAN,3,TN_F11_VAAN_3,34,0.5,B,"I
O",Y,Y,50,,,9.6,1,3.4,6.2,
2017-07-28 14:50:11,Unicorn,F3,Unicorn+F3,NW,UNI,ACRU,4,UNI_F3_ACRU_4,36,0.6,B,I,Y,,70,Old H browse,,9.6,1,3.4,6.2,
2017-07-28 11:52:59,TNNP North,C4,TNNP North+C4,SE,TN,BEPA,2,TN_C4_BEPA_2,46,0.6,B,"M
H
I",,,80,,,9.6,1,3.4,6.2,
2017-07-28 14:23:46,Unicorn,F11,Unicorn+F11,SW,UNI,ACRU,3,UNI_F11_ACRU_3,89,1.5,,"M
I",Y,,,,,9.6,1,3.4,6.2,
2017-07-23 12:54:41,TNNP North,F3,TNNP North+F3,SE,TN,VAAN,2,TN_F3_VAAN_2,24,0.2,B,"I
O",,,100,,1060D947-AFF6-4AD5-861E-B051ACA56A43,9.7,2,3.4,2.9,
2017-07-28 10:59:23,TNNP North,C14,TNNP North+C14,SE,TN,VAAN,2,TN_C14_VAAN_2,38,0.3,B,"I
O",Y,,100,Old hare browse,,9.7,1,3.4,6.3,
2017-07-28 14:34:46,Unicorn,F3,Unicorn+F3,SW,UNI,ACRU,3,UNI_F3_ACRU_3,71,1.1,B,I,Y,,50,Old M browse,,9.7,1,3.4,6.3,
2017-07-28 13:49:15,Unicorn,C12,Unicorn+C12,SW,UNI,ABBA,3,UNI_C12_ABBA_3,57,1.6,B,M,,,20,,,9.7,1,3.4,6.3,
2017-07-28 11:01:44,TNNP North,C14,TNNP North+C14,SE,TN,ACRU,2,TN_C14_ACRU_2,63,0.9,B,"H
M
I",,,60,,,9.8,1,3.4,6.4,
2017-07-28 15:39:48,Unicorn,N7,Unicorn+N7,NE,UNI,VAAN,1,UNI_N7_VAAN_1,21,0.3,B,"O
H",Y,,100,,,9.8,1,3.4,6.4,
2017-07-28 10:33:16,TNNP North,I10,TNNP North+I10,SW,TN,ACRU,3,TN_I10_ACRU_3,47,0.6,B,I,Y,,30,,,9.8,1,3.4,6.4,
2017-07-15 13:15:27,Dunphys Pond,A1,Dumphys Pond+A1,SW,DP,VAAN,3,DP_A1_VAAN_3,49,0.3,B,I,,,100,,7E759D0D-F5B4-4973-8DEF-03601188233D,9.8,1,,9.8,
2017-07-23 11:03:40,TNNP North,F1,TNNP North+F1,NE,TN,ACRU,1,TN_F1_ACRU_1,29,0.7,NB,,Y,,100,Old M browse,4224195F-2238-45BF-A3F9-E0AB1D0E0F12,9.9,2,3.4,3.1,
2017-07-28 10:29:10,TNNP North,I10,TNNP North+I10,SE,TN,VAAN,2,TN_I10_VAAN_2,56,0.4,B,I,Y,,20,,,9.9,1,3.4,6.5,
2017-07-14 14:19:01,Unicorn,A7,Unicorn+A7,SE,UNI,BEPA,1,UNI_A7_BEPA_1,40,0.7,B,H,,,100,,DFDA6953-FC07-4E49-BFC7-7BAA13F134F7,9.9,1,,9.9,
2017-07-18 15:21:20,Dunphys Pond,F9,Dumphys Pond+F9,SE,DP,ABBA,2,DP_F9_ABBA_2,34,0.5,NB,,,,100,,D33F07D4-4388-4819-B4C6-AE57BE562C32,9.9,1,,9.9,
2017-07-23 13:02:51,TNNP North,F3,TNNP North+F3,SW,TN,VAAN,3,TN_F3_VAAN_3,14,0.4,B,"M
I",Y,,90,Old H browse,E93147E7-66F0-4CFA-B979-7CA6F494CC75,10,2,3.4,3.2,
2017-07-24 13:48:58,Bloomfield,A1,Bloomfield+A1,SE,BL,VAAN,1,BL_A1_VAAN_1,25,0.2,B,I,Y,,100,Old H browse,CDB29AD1-5498-4BFD-B707-B6ED49ADF6F5,10,1,3.4,6.6,
2017-07-28 09:39:49,TNNP North,L12,TNNP North+L12,NW,TN,VAAN,4,TN_L12_VAAN_4,27,0.4,B,"O
I",Y,,80,,,10,1,3.4,6.6,
2017-07-28 10:42:28,TNNP North,I10,TNNP North+I10,SW,TN,VAAN,3,TN_I10_VAAN_3,48,0.5,B,"I
O
H",Y,,20,,,10,1,3.4,6.6,
2017-07-15 13:20:56,Dunphys Pond,A1,Dumphys Pond+A1,NW,DP,ACRU,4,DP_A1_ACRU_4,67,0.9,B,M,,,30,,F51BE602-8C5D-46B8-A71F-997789FAD71A,10,1,,10,
2017-07-15 15:58:42,Dunphys Pond,A11,Dumphys Pond+A11,SW,DP,ABBA,3,DP_A11_ABBA_3,33,1.1,NB,,,,70,Past moose browse,56CCB7DA-C8DE-43EC-BA95-F019D84CD715,10,1,,10,
2017-07-15 15:28:08,Dunphys Pond,A11,Dumphys Pond+A11,NE,DP,ACRU,1,DP_A11_ACRU_1,38,0.7,NB,,,,100,,A787B978-2260-47D3-8E20-AA2D72298FAA,10,1,,10,
2017-07-15 15:38:03,Dunphys Pond,A11,Dumphys Pond+A11,SE,DP,ACRU,2,DP_A11_ACRU_2,53,0.5,NB,,Y,,100,,3F4627F9-3FFA-4E44-A73B-2B24BFB192F4,10,1,,10,
2017-07-18 13:24:35,Dunphys Pond,F5,Dumphys Pond+F5,NE,DP,VAAN,1,DP_F5_VAAN_1,60,0.3,B,I,,,50,,124426AD-250D-4DE3-AE93-85E8457E3CD1,10,1,,10,
2017-07-28 13:57:05,Unicorn,C6,Unicorn+C6,NW,UNI,ABBA,1,UNI_C6_ABBA_1,101,1.9,NB,,,,20,Old Heavy M browse,,10.1,1,3.4,6.7,
2017-07-28 14:27:26,Unicorn,F3,Unicorn+F3,SE,UNI,BEPA,2,UNI_F3_BEPA_2,49,0.8,B,I,,,60,Old H and M browse,,10.1,1,3.4,6.7,
2017-07-28 15:26:48,Unicorn,L6,Unicorn+L6,SW,UNI,VAAN,3,UNI_L6_VAAN_3,28,0.5,B,"I
O",Y,,50,,,10.1,1,3.4,6.7,
2017-07-15 15:40:53,Dunphys Pond,A11,Dumphys Pond+A11,SE,DP,VAAN,2,DP_A11_VAAN_2,26,0.4,NB,,,,70,,64E00059-08CE-4597-BAD8-69F09DE7DA39,10.1,1,,10.1,
2017-07-18 15:04:40,Dunphys Pond,F9,Dumphys Pond+F9,NE,DP,VAAN,1,DP_F9_VAAN_1,47,0.5,B,"H
M
I",,,40,,071E4D16-71EA-46C2-AF85-BFD281920445,10.1,1,,10.1,
2017-07-18 15:36:24,Dunphys Pond,F9,Dumphys Pond+F9,NW,DP,VAAN,4,DP_F9_VAAN_4,47,0.5,B,"I
O",Y,,40,,E2F6791B-4366-4B69-9F3D-C9148E24489A,10.1,1,,10.1,
2017-07-28 14:22:37,Unicorn,F3,Unicorn+F3,SE,UNI,ACRU,2,UNI_F3_ACRU_2,53,1.1,B,I,Y,,70,Old H and M browse,,10.2,1,3.4,6.8,
2017-07-28 14:04:16,Unicorn,F11,Unicorn+F11,NE,UNI,ACRU,1,UNI_F11_ACRU_1,104,1.6,B,"H
M",,,30,,,10.2,1,3.4,6.8,
2017-07-18 15:16:38,Dunphys Pond,F9,Dumphys Pond+F9,SE,DP,ACRU,2,DP_F9_ACRU_2,45,0.5,B,I,Y,,90,Old moose browse,556FFAF0-8B3E-4E7D-B8B8-4BD2122BE902,10.3,1,,10.3,
2017-07-23 13:20:46,TNNP North,F3,TNNP North+F3,NW,TN,VAAN,4,TN_F3_VAAN_4,25,0.2,B,"I
O",,,100,,07A9842A-6519-41AE-B7B5-B523799FC698,10.4,2,3.4,3.6,
2017-07-23 15:01:13,TNNP North,I6,TNNP North+I6,NW,TN,ACRU,4,TN_I6_ACRU_4,35,0.4,B,I,Y,,100,Old O browse,D5D04074-11A2-44B4-9EF3-9418AA99DD6B,10.4,2,3.4,3.6,
2017-07-27 13:23:25,Bloomfield,C8,Bloomfield+C8,NW,BL,BEPA,2,BL_C8_BEPA_2,81,1.4,B,"I
M",Y,,30,10 suckers,,10.4,1,3.4,7,
2017-07-14 14:42:31,Unicorn,A7,Unicorn+A7,NW,UNI,VAAN,2,UNI_A7_VAAN_2,51,0.4,B,"I
H",,,70,,39212F7B-356E-454B-B865-47389DC1DEF9,10.4,1,,10.4,
,Dunphys Pond,N5,Dunphys Pond+N5,NW,DP,ACRU,4,DP_N5_ACRU_4,43,1,B,I,Y,,40,,,10.4,1,3.4,7,
2017-07-18 13:51:02,Dunphys Pond,F5,Dumphys Pond+F5,SE,DP,ACRU,2,DP_F5_ACRU_2,70,1.2,B,I,Y,,60,Old moose browse,75BA9D92-2A4F-4FA5-9A11-658083135E56,10.4,1,,10.4,
2017-07-25 11:46:12,TNNP North,N9,TNNP North+N9,SE,TN,ACRU,2,TN_N9_ACRU_2,29,0.3,B,O,,,100,Old M browse,FBC0B8BC-1F78-4FBC-B1E1-9ABDF485BB54,10.5,2,3.4,3.7,
2017-07-15 15:34:05,Dunphys Pond,A11,Dumphys Pond+A11,NE,DP,BEPA,1,DP_A11_BEPA_1,84,0.8,NB,,,,30,,3BD3ADAB-7C69-4EC2-B944-B600D93C75EA,10.5,1,,10.5,
2017-07-18 11:18:01,Dunphys Pond,C14,Dumphys Pond+C14,SE,DP,ABBA,2,DP_C14_ABBA_2,24,0.4,NB,,,,90,,A6514BDD-E58F-49C4-B467-E1E95E5A1990,10.5,1,,10.5,
2017-07-18 14:15:04,Dunphys Pond,F5,Dumphys Pond+F5,NW,DP,VAAN,3,DP_F5_VAAN_3,41,0.5,B,"M
I",,,40,,109A72AA-C878-47CB-A0E0-E28B0BBA0355,10.5,1,,10.5,
2017-07-28 14:44:40,Unicorn,F11,Unicorn+F11,NW,UNI,ACRU,4,UNI_F11_ACRU_4,57,1.8,,"M
H
I",Y,,20,,,10.6,1,3.4,7.2,
,Dunphys Pond,N5,Dunphys Pond+N5,NW,DP,ABBA,4,DP_N5_ABBA_4,32,0.7,NB,,,,30,,,10.6,1,3.4,7.2,
2017-07-24 13:52:45,Bloomfield,A1,Bloomfield+A1,NW,BL,BEPA,4,BL_A1_BEPA_4,45,0.6,B,"I
H",Y,,100,Old H browse,E4547FA5-BCC7-4F2F-ACAA-0763393AAEEC,10.7,1,3.4,7.3,
2017-07-25 12:18:51,TNNP North,N9,TNNP North+N9,NW,TN,VAAN,4,TN_N9_VAAN_4,25,0.3,B,I,,,100,,909837BD-7202-47D9-8ADF-814B8F4F9835,10.7,2,3.4,3.9,
2017-07-15 15:30:53,Dunphys Pond,A11,Dumphys Pond+A11,NE,DP,VAAN,1,DP_A11_VAAN_1,25,0.4,B,I,,,100,,E6667CCE-4CF0-4B43-9225-61173412D6EC,10.7,1,,10.7,
2017-07-18 11:31:51,Dunphys Pond,C14,Dumphys Pond+C14,SW,DP,VAAN,3,DP_C14_VAAN_3,48,0.3,B,I,Y,Y,70,,B243A908-53B1-4E83-BB0E-0004C4401D5F,10.7,1,,10.7,
2017-07-20 09:53:35,Dunphys Pond,L12,Dumphys Pond+L12,SE,DP,ACRU,1,DP_L12_ACRU_1,49,0.5,NB,,,,70,,08C62224-937E-4299-8FFE-D4126D024DA1,10.7,2,3.4,3.9,
2017-07-28 08:58:29,TNNP North,F11,TNNP North+F11,NE,TN,VAAN,1,TN_F11_VAAN_1,34,0.3,NB,,Y,,80,,,10.8,1,3.4,7.4,
2017-07-28 12:10:43,TNNP North,A11,TNNP North+A11,NW,TN,ABBA,3,TN_A11_ABBA_3,22,0.6,,,,,50,"Took terminal leader
No browse!",,10.8,1,3.4,7.4,
2017-07-28 14:47:27,Unicorn,F3,Unicorn+F3,NW,UNI,ABBA,4,UNI_F3_ABBA_4,50,1.1,NB,,Y,,30,Old M browse,,10.8,1,3.4,7.4,
2017-07-28 13:56:58,Unicorn,C12,Unicorn+C12,NW,UNI,ACRU,3,UNI_C12_ACRU_3,78,0.9,,"H
M
I",Y,,30,,,10.8,1,3.4,7.4,
2017-07-18 14:02:44,Dunphys Pond,F5,Dumphys Pond+F5,SW,DP,BEPA,2,DP_F5_BEPA_2,56,0.7,NB,,,,80,,42BFC791-87F8-4782-98CF-E71001AC0AD4,10.8,1,,10.8,
2017-07-19 12:32:19,Bloomfield,F5,Bloomfield+F5,SW,BL,BEPA,1,BL_F5_BEPA_1,56,0.7,B,"M
I",,,100,Old hare browse,5A4CC85C-F274-463A-B27A-C11AFF6C03FB,10.8,1,,10.8,
2017-07-28 09:28:12,TNNP North,F11,TNNP North+F11,NW,TN,VAAN,4,TN_F11_VAAN_4,42,0.5,B,"O
I",Y,,70,,,10.9,1,3.4,7.5,
2017-07-28 14:12:01,Unicorn,F11,Unicorn+F11,NE,UNI,ABBA,1,UNI_F11_ABBA_1,61,1.5,B,M,,,30,,,10.9,1,3.4,7.5,
2017-07-28 15:42:00,Unicorn,L14,Unicorn+L14,SE,UNI,ACRU,1,UNI_L14_ACRU_1,87,1.4,B,M,Y,,40,,,10.9,1,3.4,7.5,
2017-07-20 11:09:17,Dunphys Pond,L12,Dumphys Pond+L12,SW,DP,ABBA,3,DP_L12_ABBA_3,17,0.4,NB,,,,100,,0CFE5377-E1A8-4589-BC73-29FD539E14B4,10.9,2,3.4,4.1,
2017-07-25 12:06:20,TNNP North,N9,TNNP North+N9,SW,TN,ACRU,3,TN_N9_ACRU_3,37,0.4,B,I,,,100,,85691E40-1ACE-4EFC-BA92-8468FC94C0C8,11,2,3.4,4.2,
2017-07-28 08:54:43,TNNP North,F11,TNNP North+F11,NE,TN,ACRU,1,TN_F11_ACRU_1,49,1,B,"M
H",Y,,60,,,11,1,3.4,7.6,
2017-07-25 11:41:39,TNNP North,N9,TNNP North+N9,NE,TN,ACRU,1,TN_N9_ACRU_1,52,0.5,NB,,,,100,Old H browse,A5D833E7-F2B7-4648-B9A1-4F76CCB5407B,11.1,2,3.4,4.3,
2017-07-28 09:01:44,TNNP North,F11,TNNP North+F11,SE,TN,BEPA,1,TN_F11_BEPA_1,86,1.6,B,"M
H
I",Y,,60,"Old M browse

2 suckers",,11.1,1,3.4,7.7,
2017-07-28 11:59:32,TNNP North,C4,TNNP North+C4,SW,TN,ACRU,2,TN_C4_ACRU_2,57,0.8,B,H,Y,,60,,,11.2,1,3.4,7.8,
,Dunphys Pond,N9,Dunphys Pond+N9,NW,DP,VAAN,4,DP_N9_VAAN_4,28,0.3,B,I,,,90,,,11.2,1,3.4,7.8,
2017-07-18 09:08:19,Dunphys Pond,C4,Dumphys Pond+C4,SE,DP,ACRU,2,DP_C4_ACRU_2,67,0.9,B,I,Y,,70,,CC918F5B-DECB-4997-8FB4-61BC13667F8A,11.2,1,,11.2,
2017-07-18 15:44:21,Dunphys Pond,F9,Dumphys Pond+F9,SE,DP,BEPA,2,DP_F9_BEPA_2,91,0.5,B,I,,,90,,6DAF7AC2-A14E-4D7A-88DB-88960EDE384E,11.2,1,,11.2,
2017-07-28 10:22:49,TNNP North,I10,TNNP North+I10,SE,TN,ACRU,2,TN_I10_ACRU_2,97,1.2,B,"H
M",Y,,20,,,11.3,1,3.4,7.9,
2017-07-18 13:19:50,Dunphys Pond,F5,Dumphys Pond+F5,NE,DP,ACRU,1,DP_F5_ACRU_1,48,1.4,B,I,,,30,,9ABF5E2E-1EE7-4F29-BD79-9983C8EF03F7,11.3,1,,11.3,
2017-07-28 11:15:41,TNNP North,C10,TNNP North+C10,SE,TN,BEPA,2,TN_C10_BEPA_2,105,2.2,B,"H
M
I",,,20,,,11.4,1,3.4,8,
2017-07-28 13:36:43,Unicorn,C12,Unicorn+C12,NE,UNI,ACRU,1,UNI_C12_ACRU_1,45,35,B,"M
O",Y,,50,,,11.4,1,3.4,8,
2017-07-18 10:32:31,Dunphys Pond,C14,Dumphys Pond+C14,NE,DP,ACRU,1,DP_C14_ACRU_1,71,1,B,I,Y,,40,,D7A7F49E-2424-4405-B82A-6633D0C8CDCE,11.4,1,,11.4,
,Dunphys Pond,N9,Dunphys Pond+N9,NE,DP,ACRU,1,DP_N9_ACRU_1,64,0.8,B,I,,,70,,,11.5,1,3.4,8.1,
2017-07-18 11:37:02,Dunphys Pond,C14,Dumphys Pond+C14,NW,DP,VAAN,4,DP_C14_VAAN_4,66,0.5,B,"I
M",,Y,30,,165E2870-7EC2-42BC-8332-99137B0487DB,11.5,1,,11.5,
2017-07-28 13:36:30,Unicorn,C6,Unicorn+C6,SE,UNI,ACRU,1,UNI_C6_ACRU_1,102,0.8,B,"H
M
I",Y,,40,7 suckers,,11.7,1,3.4,8.3,
2017-07-28 08:28:38,TNNP North,F9,TNNP North+F9,SE,TN,VAAN,1,TN_F9_VAAN_1,33,0.3,B,O,Y,,100,,,11.8,1,3.4,8.4,
,Dunphys Pond,N5,Dunphys Pond+N5,NE,DP,ACRU,1,DP_N5_ACRU_1,38,0.8,B,"H
I",Y,,40,,,11.8,1,3.4,8.4,
2017-07-18 08:59:20,Dunphys Pond,C4,Dumphys Pond+C4,NE,DP,VAAN,1,DP_C4_VAAN_1,49,0.5,B,I,Y,,40,,93225AFE-FB14-4476-B922-C6890222FBB6,11.8,1,,11.8,
2017-07-28 11:15:58,TNNP North,A13,TNNP North+A13,NE,TN,BEPA,1,TN_A13_BEPA_1,140,2,B,"M
I",Y,,40,"20 cm off ground

Old H browse

6 suckers",,11.9,1,3.4,8.5,
2017-07-28 15:49:45,Unicorn,L14,Unicorn+L14,NW,UNI,VAAN,4,UNI_L14_VAAN_4,49,0.4,B,O,Y,,40,,,11.9,1,3.4,8.5,
2017-07-18 13:50:28,Dunphys Pond,F5,Dumphys Pond+F5,NE,DP,BEPA,1,DP_F5_BEPA_1,61,0.8,B,I,Y,,80,Old moose browse,87D4881E-14C4-4912-B790-9672CF1C9283,11.9,1,,11.9,
2017-07-28 14:17:50,Unicorn,F3,Unicorn+F3,NE,UNI,ABBA,1,UNI_F3_ABBA_1,33,1.5,NB,,,,70,Old H and M browse,,12,1,3.4,8.6,
2017-07-28 11:15:18,TNNP North,C14,TNNP North+C14,NE,TN,VAAN,1,TN_C14_VAAN_1,14,0.2,NB,,,,100,Old hare and other browse,,12,1,3.4,8.6,
2017-07-14 14:46:09,Unicorn,A7,Unicorn+A7,SW,UNI,ABBA,3,UNI_A7_ABBA_3,45,1.2,NB,,,,30,,74E9CD29-B631-47AE-A27C-B3F5564D60F7,12,1,,12,
2017-07-18 11:17:28,Dunphys Pond,C14,Dumphys Pond+C14,SE,DP,ACRU,2,DP_C14_ACRU_2,29,0.8,B,M,Y,,60,,5F8EE52D-CB74-40E0-8B81-D2F3BCAF5383,12.1,1,,12.1,
2017-07-24 13:52:06,Bloomfield,A1,Bloomfield+A1,NW,BL,VAAN,2,BL_A1_VAAN_2,27,0.2,B,"H
O",,,100,Old H browse,620C1817-E1FF-4006-9E0B-7DA7978D3187,12.2,1,3.4,8.8,
2017-07-25 12:09:03,TNNP North,N9,TNNP North+N9,SW,TN,ABBA,3,TN_N9_ABBA_3,25,0.5,NB,,,,100,Old M browse,422D9E52-E7E5-4610-871B-FA79AF57C713,12.2,2,3.4,5.4,
2017-07-28 15:23:22,Unicorn,I12,Unicorn+I12,NW,UNI,BEPA,3,UNI_I12_BEPA_3,74,0.9,B,"H
M",,,30,4 suckers total,,12.2,1,3.4,8.8,
2017-07-23 14:14:26,TNNP North,I6,TNNP North+I6,NE,TN,VAAN,1,TN_I6_VAAN_1,23,0.3,B,"I
O",,,100,,FD77ACDA-A820-4A58-87EE-A105761FE1A0,12.3,2,3.4,5.5,
2017-07-28 12:00:36,TNNP North,A11,TNNP North+A11,SE,TN,ABBA,2,TN_A11_ABBA_2,24,0.9,,,,,100,Old moose browse ,,12.3,1,3.4,8.9,
2017-07-14 12:29:49,Unicorn,A1,Unicorn+A1,SW,UNI,BEPA,2,UNI_A1_BEPA_2,63,0.3,B,H,,,80,,7667291F-C745-4DE3-BB82-7E20AEB02BAF,12.3,1,,12.3,
2017-07-18 09:36:05,Dunphys Pond,C4,Dumphys Pond+C4,SW,DP,VAAN,3,DP_C4_VAAN_3,62,0.5,,,Y,,30,,399EE74B-3FC4-4F58-A62B-1FF775809317,12.4,1,,12.4,
2017-07-18 14:18:44,Dunphys Pond,F5,Dumphys Pond+F5,NW,DP,ACRU,4,DP_F5_ACRU_4,60,0.7,,,,,30,,E9B583F9-442D-4989-904E-C269D85930AE,12.4,1,,12.4,
,Dunphys Pond,L6,Dumphys Pond+L6,NW,DP,BEPA,2,DP_L6_BEPA_2,58,0.7,B,"M
I",,,100,Growing at base of tree,,12.4,2,,12.4,
2017-07-28 11:10:40,TNNP North,C10,TNNP North+C10,NE,TN,ACRU,1,TN_C10_ACRU_1,27,0.7,B,"I
M",Y,,50,,,12.5,1,3.4,9.1,
2017-07-18 15:05:19,Dunphys Pond,F9,Dumphys Pond+F9,NE,DP,BEPA,1,DP_F9_BEPA_1,95,1,B,"M
I",,,50,,527A5685-8504-4A7C-B712-855B4781CFD6,12.5,1,,12.5,
2017-07-28 15:04:23,Unicorn,I12,Unicorn+I12,SE,UNI,ACRU,2,UNI_I12_ACRU_2,108,1.5,B,M,Y,,20,,,12.6,1,3.4,9.2,
2017-07-18 09:53:03,Dunphys Pond,C4,Dumphys Pond+C4,NW,DP,ACRU,4,DP_C4_ACRU_4,89,1,B,M,,,20,Growing at base of older tree,16F71007-D936-44E4-927B-61B287D416FF,12.6,1,,12.6,
2017-07-28 12:13:00,TNNP North,A11,TNNP North+A11,NE,TN,ACRU,4,TN_A11_ACRU_4,76,0.9,B,I,Y,,50,"Old moose browse 
Old other browse ",,12.7,1,3.4,9.3,
2017-07-14 12:13:12,Unicorn,A1,Unicorn+A1,SE,UNI,ABBA,2,UNI_A1_ABBA_2,54,1.7,B,M,,,30,,F3465E0B-E3DB-4D81-BA2F-8D2F2133124F,12.7,1,,12.7,
2017-07-28 13:39:40,Unicorn,C12,Unicorn+C12,NE,UNI,VAAN,1,UNI_C12_VAAN_1,40,0.6,B,"H
O
M",Y,Y,30,,,12.8,1,3.4,9.4,
2017-07-15 12:40:49,Dunphys Pond,A1,Dumphys Pond+A1,SE,DP,ACRU,2,DP_A1_ACRU_2,55,0.5,B,H,,,80,,310F70EB-B6F9-4D0A-9DE1-A8059583593C,12.8,1,,12.8,
2017-07-19 12:11:53,Bloomfield,F5,Bloomfield+F5,SE,BL,VAAN,2,BL_F5_VAAN_2,48,0.5,B,I,Y,,80,Old hare browse,DAA254CA-DCCA-4999-A74C-9762B2A954E3,12.8,1,,12.8,
2017-07-28 10:24:55,TNNP North,G14,TNNP North+G14,SE,TN,BEPA,1,TN_G14_BEPA_1,57,1.1,B,"H
O
I",Y,,40,1 sucker,,12.9,1,3.4,9.5,
2017-07-28 10:07:38,TNNP North,I10,TNNP North+I10,NE,TN,ACRU,1,TN_I10_ACRU_1,64,0.9,B,"M
H
I",Y,,20,,,12.9,1,3.4,9.5,
2017-07-14 14:24:42,Unicorn,A7,Unicorn+A7,SE,UNI,ABBA,2,UNI_A7_ABBA_2,48,1.1,NB,,,,30,,22E0300E-8CC4-4D27-B0B2-41AA77694664,12.9,1,,12.9,
2017-07-16 13:09:55,Bloomfield,N1,Bloomfield+N1,SW,BL,VAAN,3,BL_N1_VAAN_3,82,0.7,B,"I
M
H",,,10,,0F3626D1-211A-4578-8227-DF2B86564749,12.9,1,,12.9,
2017-07-18 11:45:29,Dunphys Pond,C14,Dumphys Pond+C14,NW,DP,ACRU,4,DP_C14_ACRU_4,36,1,B,"I
M",Y,,30,,F03EC2C9-EFEE-4E18-B519-B0A02692440D,12.9,1,,12.9,
2017-07-27 16:40:48,Bloomfield,N7,Bloomfield+N7,SE,BL,ACRU,2,BL_N7_ACRU_2,70,0.7,B,"H
M
I",Y,,40,,,13,1,3.4,9.6,
2017-07-28 09:10:46,TNNP North,F11,TNNP North+F11,SE,TN,VAAN,2,TN_F11_VAAN_2,43,0.4,B,I,Y,,50,,,13,1,3.4,9.6,
2017-07-14 12:44:27,Unicorn,A1,Unicorn+A1,NW,UNI,VAAN,4,UNI_A1_VAAN_4,31,0.5,B,I,,,40,,08B80880-7B3C-44EE-AA3C-4B05D3BBB28F,13.1,1,,13.1,
2017-07-18 11:16:44,Dunphys Pond,C14,Dumphys Pond+C14,SE,DP,VAAN,2,DP_C14_VAAN_2,42,0.6,B,"H
I",,Y,30,,14EEB8BE-5FC6-4976-9AC5-D6C3EAEDE15E,13.1,1,,13.1,
2017-07-25 11:57:55,TNNP North,N9,TNNP North+N9,SE,TN,VAAN,2,TN_N9_VAAN_2,29,0.4,B,"I
O",,,100,,CD7D3E48-AFBA-421A-9703-67A1EE5F61D0,13.2,2,3.4,6.4,
2017-07-28 15:57:01,Unicorn,N7,Unicorn+N7,NE,UNI,ABBA,1,UNI_N7_ABBA_1,28,0.4,NB,,Y,,80,,,13.2,1,3.4,9.8,
2017-07-18 09:59:50,Dunphys Pond,C4,Dumphys Pond+C4,NW,DP,ABBA,4,DP_C4_ABBA_4,47,1,B,M,,,60,,A03FF9F5-8040-4B3D-A709-60D4F7FC1A0A,13.2,1,,13.2,
2017-07-23 11:56:42,TNNP North,F1,TNNP North+F1,NW,TN,VAAN,4,TN_F1_VAAN_4,45,0.2,B,"I
O",,,100,,7DB92EE3-0E2F-4843-AF24-DC2CC6E29B66,13.3,2,3.4,6.5,
2017-07-28 09:14:35,TNNP North,F11,TNNP North+F11,SW,TN,ACRU,3,TN_F11_ACRU_3,136,2.1,B,"M
I",Y,,30,Old M browse,,13.3,1,3.4,9.9,
2017-07-28 09:48:08,TNNP North,F13,TNNP North+F13,SE,TN,ABBA,1,TN_F13_ABBA_1,28,0.6,NB,,,,50,,,13.3,1,3.4,9.9,
2017-07-18 09:13:24,Dunphys Pond,C4,Dumphys Pond+C4,SE,DP,ABBA,2,DP_C4_ABBA_2,39,0.8,B,M,,,70,,BB89C28B-4A50-4ED6-BF89-05BBD2BD6530,13.3,1,,13.3,
,Dunphys Pond,L6,Dumphys Pond+L6,SW,DP,BEPA,1,DP_L6_BEPA_1,44,0.5,B,"M
I",,,100,Growing at base of tree,,13.3,2,,13.3,
2017-07-28 12:06:26,TNNP North,A11,TNNP North+A11,SW,TN,VAAN,3,TN_A11_VAAN_3,25,0.3,B,"I
O",Y,Y,100,,,13.4,1,3.4,10,
,Dunphys Pond,N5,Dunphys Pond+N5,NW,DP,VAAN,4,DP_N5_VAAN_4,55,0.5,B,I,,,70,,,13.4,1,3.4,10,
,Dunphys Pond,N9,Dunphys Pond+N9,SW,DP,VAAN,3,DP_N9_VAAN_3,40,0.4,B,"M
I",,,80,,,13.4,1,3.4,10,
,Dunphys Pond,L6,Dumphys Pond+L6,SW,DP,ABBA,3,DP_L6_ABBA_3,28,0.5,B,O,,,70,,,13.4,2,,13.4,
,Dunphys Pond,L6,Dumphys Pond+L6,SW,DP,VAAN,3,DP_L6_VAAN_3,40,0.7,B,"H
M
I",Y,,40,,,13.5,2,,13.5,
2017-07-25 14:36:36,TNNP North,N7,TNNP North+N7,SE,TN,ACRU,2,TN_N7_ACRU_2,53,0.5,NB,I,,,40,,77047693-9320-4313-B9C7-F9BD91248633,13.6,2,3.4,6.8,
2017-07-28 09:36:45,TNNP North,F11,TNNP North+F11,SW,TN,ABBA,2,TN_F11_ABBA_2,45,1.4,,,,,30,"Old H and M browse

Found upon leaving the plot",,13.6,1,3.4,10.2,
2017-07-28 15:11:11,Unicorn,L6,Unicorn+L6,NE,UNI,ABBA,1,UNI_L6_ABBA_1,30,0.6,NB,,,,50,,,13.6,1,3.4,10.2,
,Dunphys Pond,N5,Dunphys Pond+N5,NE,DP,ABBA,1,DP_N5_ABBA_1,31,0.5,NB,,,,80,,,13.6,1,3.4,10.2,
,Dunphys Pond,N9,Dunphys Pond+N9,SE,DP,VAAN,2,DP_N9_VAAN_2,56,0.4,B,I,Y,Y,80,,,13.6,1,3.4,10.2,
2017-07-20 15:39:47,Dunphys Pond,I2,Dumphys Pond+I2,NE,DP,BEPA,1,DP_I2_BEPA_1,44,0.6,B,"H
I",,,100,,E8B4C729-BF5A-4826-8CE3-0900C3FAA872,13.6,2,,13.6,
2017-07-25 11:37:47,TNNP North,N9,TNNP North+N9,NE,TN,BEPA,1,TN_N9_BEPA_1,49,1.3,B,I,,,90,Old M browse,8939D84C-343B-450D-BD84-1D8647FAD3A9,13.7,2,3.4,6.9,
2017-07-28 09:26:09,TNNP North,F11,TNNP North+F11,NW,TN,ACRU,4,TN_F11_ACRU_4,134,2.6,B,"M
O
H",Y,,30,2 suckers,,13.7,1,3.4,10.3,
2017-07-28 15:21:40,Unicorn,L6,Unicorn+L6,SW,UNI,ABBA,2,UNI_L6_ABBA_2,31,0.9,B,M,Y,,50,,,13.7,1,3.4,10.3,
2017-07-15 16:11:32,Dunphys Pond,A11,Dumphys Pond+A11,NW,DP,ABBA,4,DP_A11_ABBA_4,40,0.9,NB,,,,40,Past moose browse,B9E68417-1848-49C8-B216-AF6C995D8328,13.7,1,,13.7,
2017-07-20 11:07:34,Dunphys Pond,L12,Dumphys Pond+L12,SW,DP,VAAN,3,DP_L12_VAAN_3,48,0.5,B,"M
I",Y,,40,Old moose browse,DB619D9B-FCF5-4093-92D1-63DB832CE286,13.7,2,3.4,6.9,
2017-07-20 11:16:32,Dunphys Pond,L12,Dumphys Pond+L12,NW,DP,VAAN,4,DP_L12_VAAN_4,49,0.5,B,M,,Y,30,,166D7176-1A70-4E26-AB05-24FA50FB6AC1,13.7,2,3.4,6.9,
2017-07-20 16:30:11,Dunphys Pond,I2,Dumphys Pond+I2,NW,DP,VAAN,4,DP_I2_VAAN_4,51,0.5,B,"H
I",Y,,40,,33061BF2-B77A-439C-AAFA-5670700A426C,13.7,2,,13.7,
2017-07-23 12:40:54,TNNP North,F3,TNNP North+F3,NE,TN,VAAN,1,TN_F3_VAAN_1,29,0.3,B,"I
O",,,100,,6BA4A1EC-FB53-447B-8A26-8EF401E9FE0B,13.8,2,3.4,7,
2017-07-18 13:51:53,Dunphys Pond,F5,Dumphys Pond+F5,SE,DP,VAAN,2,DP_F5_VAAN_2,36,0.7,B,"I
M",,Y,50,,F2CC49F0-A75B-4F1A-A617-0752BE773FEF,13.8,1,,13.8,
2017-07-20 09:57:55,Dunphys Pond,L12,Dumphys Pond+L12,SE,DP,VAAN,2,DP_L12_VAAN_2,42,0.5,B,"I
O",,,50,,3BB56242-CAF4-4135-BCAB-759FC895E221,13.8,2,3.4,7,
2017-07-18 13:56:20,Dunphys Pond,F5,Dumphys Pond+F5,SE,DP,ABBA,2,DP_F5_ABBA_2,34,0.5,,,,,60,,6D257746-B414-401B-A5E2-6676803DBDDD,13.9,1,,13.9,
2017-07-18 15:09:21,Dunphys Pond,F9,Dumphys Pond+F9,NE,DP,ABBA,1,DP_F9_ABBA_1,31,0.5,NB,,,,70,,2487DC5D-6AF5-4D23-8E6F-EAEDDA2BAB9D,13.9,1,,13.9,
2017-07-28 16:14:57,Unicorn,N7,Unicorn+N7,NW,UNI,ABBA,3,UNI_N7_ABBA_3,59,1.8,,M,Y,,50,Old browse,,14,1,3.4,10.6,
2017-07-16 12:17:21,Bloomfield,A7,Bloomfield+A7,NE,BL,BEPA,1,BL_A7_BEPA_1,50,0.5,B,"M
H
I",,,50,,FA877C88-D6C5-4768-8FEF-C2B4F9019DDC,14,1,3.4,10.6,
2017-07-20 16:05:29,Dunphys Pond,I2,Dumphys Pond+I2,NE,DP,ACRU,1,DP_I2_ACRU_1,63,0.7,B,"H
I",,,40,,138A87F4-B8D7-4A68-840A-871243F3D6E0,14,2,,14,
2017-07-24 13:51:23,Bloomfield,A1,Bloomfield+A1,NW,BL,ACRU,2,BL_A1_ACRU_2,41,2,B,"H
M
I",,,100,Old H browse,7B375A6D-2D47-482B-B5F5-631199708337,14.1,1,3.4,10.7,
2017-07-28 15:20:20,Unicorn,L6,Unicorn+L6,SE,UNI,BEPA,1,UNI_L6_BEPA_1,74,0.4,B,"I
M
H",,,60,7 suckers,,14.1,1,3.4,10.7,
2017-07-14 12:17:24,Unicorn,A1,Unicorn+A1,SW,UNI,ABBA,3,UNI_A1_ABBA_3,33,1.8,NB,,,,40,,59869F9A-456B-4FB8-9F45-C0A2DBE14215,14.1,1,,14.1,
2017-07-20 12:41:08,Dunphys Pond,L6,Dumphys Pond+L6,NE,DP,VAAN,1,DP_L6_VAAN_1,55,0.8,B,"I
O",Y,,40,Old moose browse,100116B3-2044-4EF4-8E3A-B4E6B3A34AAD,14.1,2,,14.1,
2017-07-23 14:40:05,TNNP North,I6,TNNP North+I6,SE,TN,ACRU,2,TN_I6_ACRU_2,30,1.2,B,"M
I",Y,,80,,13896E73-47AD-4C6D-975E-2FB1ABAD1FDB,14.2,2,3.4,7.4,
2017-07-18 13:29:27,Dunphys Pond,F5,Dumphys Pond+F5,NE,DP,ABBA,1,DP_F5_ABBA_1,29,0.8,NB,,,,80,Old moose browse,DA805511-75E8-449B-A85D-C7FBF1135079,14.2,1,,14.2,
2017-07-25 14:34:50,TNNP North,N7,TNNP North+N7,NE,TN,VAAN,1,TN_N7_VAAN_1,27,0.5,NB,,,,70,,A1574A5D-F308-4BF8-91FA-71BF1167A636,14.3,2,3.4,7.5,
2017-07-28 11:18:13,TNNP North,C10,TNNP North+C10,SE,TN,ABBA,2,TN_C10_ABBA_2,58,2.3,B,M,,,20,,,14.3,1,3.4,10.9,
2017-07-18 10:03:05,Dunphys Pond,C4,Dumphys Pond+C4,NW,DP,VAAN,4,DP_C4_VAAN_4,62,0.8,B,"I
M",Y,Y,40,,DF25C2FE-7957-47F8-AC21-A3948E36836E,14.3,1,,14.3,
2017-07-15 15:51:43,Dunphys Pond,A11,Dumphys Pond+A11,SW,DP,ACRU,3,DP_A11_ACRU_3,64,1.3,B,M,,,100,,1976346E-EBC6-4E6C-BC4D-730786B4D6F6,14.4,1,,14.4,
2017-07-20 15:37:03,Dunphys Pond,I2,Dumphys Pond+I2,NE,DP,ABBA,1,DP_I2_ABBA_1,28,0.9,B,M,,,80,,C7ADC85C-4D4F-49D0-8E52-D964E9A6F040,14.4,2,,14.4,
2017-07-15 16:09:59,Dunphys Pond,A11,Dumphys Pond+A11,NW,DP,BEPA,3,DP_A11_BEPA_3,50,0.9,B,"H
M
I",Y,,40,,76F619C3-E6D1-4BC4-8549-AC1150949EFD,14.5,1,,14.5,
2017-07-16 12:57:02,Bloomfield,N1,Bloomfield+N1,NE,BL,VAAN,1,BL_N1_VAAN_1,71,0.5,B,"H
I",Y,,30,,39B466EA-BDD9-437A-954B-AC7DFF9A39B4,14.5,1,,14.5,
2017-07-28 11:50:45,TNNP North,C4,TNNP North+C4,SE,TN,ACRU,1,TN_C4_ACRU_1,71,0.7,B,H,Y,,20,,,14.6,1,3.4,11.2,
2017-07-28 10:42:34,TNNP North,I10,TNNP North+I10,NW,TN,ACRU,4,TN_I10_ACRU_4,66,1.1,B,"M
I",Y,,20,,,14.7,1,3.4,11.3,
,Dunphys Pond,N9,Dunphys Pond+N9,SW,DP,ACRU,3,DP_N9_ACRU_3,39,1.1,B,I,,,90,,,14.7,1,3.4,11.3,
2017-07-18 09:54:56,Dunphys Pond,C4,Dumphys Pond+C4,NW,DP,BEPA,2,DP_C4_BEPA_2,85,1,B,"M
I",,,50,Growing at base of older tree,22E8ED6B-A1F1-4355-B256-627B12A10C8B,14.8,1,,14.8,
2017-07-20 16:16:18,Dunphys Pond,I2,Dumphys Pond+I2,SW,DP,VAAN,3,DP_I2_VAAN_3,45,0.5,B,I,Y,,40,,AB1A442C-B668-4D5A-9CB9-CEF7182EF4AF,14.9,2,,14.9,
2017-07-15 13:09:58,Dunphys Pond,A1,Dumphys Pond+A1,SW,DP,ACRU,3,DP_A1_ACRU_3,71,1,NB,,,,80,,33872C98-F5E8-4AF0-ACDE-F15F6F4E50B9,15,1,,15,
2017-07-18 09:52:21,Dunphys Pond,C4,Dumphys Pond+C4,SW,DP,ABBA,3,DP_C4_ABBA_3,27,0.6,B,M,,,80,,E09860DA-23E9-4E6A-ACF9-EFE79829CB37,15,1,,15,
2017-07-25 14:43:04,TNNP North,N7,TNNP North+N7,NW,TN,VAAN,3,TN_N7_VAAN_3,32,0.7,B,I,,,50,"In SB, very close to VAAN_1",4B3F2555-14BF-46BB-8746-7B71517BBD1E,15.2,2,3.4,8.4,
2017-07-25 11:50:01,TNNP North,N9,TNNP North+N9,SE,TN,BEPA,2,TN_N9_BEPA_2,52,0.7,B,"M
I",,,70,Old M browse,0024091A-4C9E-4DD3-A4F3-B7EA14EC096B,15.3,2,3.4,8.5,
2017-07-28 11:25:46,TNNP North,C10,TNNP North+C10,NW,TN,ABBA,4,TN_C10_ABBA_4,48,1.3,B,M,,,20,,,15.3,1,3.4,11.9,
2017-07-18 09:34:42,Dunphys Pond,C4,Dumphys Pond+C4,SE,DP,VAAN,2,DP_C4_VAAN_2,39,0.5,B,"I
H",Y,Y,50,,714DF759-B2BE-4877-A8DD-30B478019948,15.4,1,,15.4,
2017-07-25 11:54:21,TNNP North,N9,TNNP North+N9,SE,TN,ABBA,2,TN_N9_ABBA_2,30,0.5,NB,,,,60,Old M browse,84B94BB4-387B-47D1-AA2E-3F25E9466D48,15.5,2,3.4,8.7,
2017-07-25 12:01:34,TNNP North,N9,TNNP North+N9,SW,TN,VAAN,3,TN_N9_VAAN_3,62,0.6,B,"I
O",Y,,30,Old M browse,76A47D32-199A-4F41-98FD-0CA265DD7ACB,15.5,2,3.4,8.7,
2017-07-28 09:56:44,TNNP North,F13,TNNP North+F13,SW,TN,VAAN,2,TN_F13_VAAN_2,53,0.8,B,"I
O",Y,,80,Old moose browse ,,15.5,1,3.4,12.1,
2017-07-28 11:41:30,TNNP North,C4,TNNP North+C4,NE,TN,BEPA,1,TN_C4_BEPA_1,86,1.7,B,"M
H
I",,,30,,,15.5,1,3.4,12.1,
2017-07-14 14:55:45,Unicorn,A7,Unicorn+A7,NW,UNI,BEPA,2,UNI_A7_BEPA_2,64,0.5,B,I,,,80,,2DD30457-6CB9-4427-B1D3-2036A0D8DD8C,15.5,1,,15.5,
2017-07-25 14:35:38,TNNP North,N7,TNNP North+N7,NE,TN,ACRU,1,TN_N7_ACRU_1,53,0.8,B,I,,,80,"In SB, old H browse",DCC0B59D-D608-459E-9B0B-0EDDDB0479ED,15.6,2,3.4,8.8,
2017-07-28 11:51:42,TNNP North,A11,TNNP North+A11,NE,TN,ACRU,1,TN_A11_ACRU_1,63,1.2,B,I,Y,,60,"Old moose browse .

Spider cocoon in sample",,15.6,1,3.4,12.2,
2017-07-15 13:56:38,Dunphys Pond,N5,Dunphys Pond+N5,SW,DP,ABBA,3,DP_N5_ABBA_3,28,0.7,NB,,,,80,,98D39678-E9DC-491E-AF02-6CE124718002,15.6,1,3.4,12.2,
,Dunphys Pond,L6,Dumphys Pond+L6,NW,DP,ABBA,4,DP_L6_ABBA_4,52,0.6,NB,,Y,,80,Chlorotic needles,,15.6,2,,15.6,
2017-07-18 14:52:13,Dunphys Pond,F5,Dumphys Pond+F5,NW,DP,ABBA,3,DP_F5_ABBA_3,47,0.8,NB,,,,50,,6B949B68-7465-471F-A6FA-B55967764B96,15.7,1,,15.7,
2017-07-18 14:06:32,Dunphys Pond,F5,Dumphys Pond+F5,SW,DP,ACRU,3,DP_F5_ACRU_3,39,0.9,B,I,,,40,Old Moose browse,33662B8F-D3BD-4685-B116-96DCEFF8843B,15.7,1,,15.7,
2017-07-28 14:58:11,Unicorn,I12,Unicorn+I12,NE,UNI,ACRU,1,UNI_I12_ACRU_1,118,1.7,B,"I
M",,,20,,,15.8,1,3.4,12.4,
2017-07-14 11:56:02,Unicorn,A1,Unicorn+A1,NE,UNI,VAAN,1,UNI_A1_VAAN_1,34.5,0.5,NB,,Y,,90,,5B3C72DC-CBFC-4A72-BBED-D334CCE9D09B,15.9,1,,15.9,
,Dunphys Pond,L6,Dumphys Pond+L6,NE,DP,ABBA,1,DP_L6_ABBA_1,38,0.7,B,O,,,100,Old hare browse,,15.9,2,,15.9,
,Dunphys Pond,L6,Dumphys Pond+L6,NW,DP,VAAN,4,DP_L6_VAAN_4,61,0.5,B,I,Y,,30,Old hare and moose browse,,15.9,2,,15.9,
2017-07-20 09:29:23,Dunphys Pond,L12,Dumphys Pond+L12,NE,DP,VAAN,1,DP_L12_VAAN_1,40,1,B,"M
I
H",Y,Y,30,,C8EE59F2-F34B-4F1E-9AD8-639B1BE6A76A,16,2,3.4,9.2,
2017-07-20 16:06:28,Dunphys Pond,I2,Dumphys Pond+I2,SW,DP,ABBA,3,DP_I2_ABBA_3,53,1.3,NB,,,,30,,9C0ABE13-3B86-42C3-83CB-A78A21F921C6,16,2,,16,
2017-07-23 14:40:46,TNNP North,I6,TNNP North+I6,SE,TN,VAAN,2,TN_I6_VAAN_2,42,0.3,B,I,Y,,100,Old H browse,2E54AB34-F992-4AD1-B9B8-C954CF20CD8A,16.1,2,3.4,9.3,
2017-07-28 11:09:01,TNNP North,C14,TNNP North+C14,SW,TN,BEPA,1,TN_C14_BEPA_1,76,0.7,B,"H
M",,,50,5 suckers,,16.1,1,3.4,12.7,
2017-07-28 09:20:48,TNNP North,F11,TNNP North+F11,SW,TN,BEPA,2,TN_F11_BEPA_2,55,1.1,B,"M
H",Y,,80,2 suckers,,16.2,1,3.4,12.8,
2017-07-23 11:51:09,TNNP North,F1,TNNP North+F1,NW,TN,ACRU,2,TN_F1_ACRU_2,65,0.6,B,I,,,70,,C8A6F308-81B3-4368-BADA-6798F5BFC6EA,16.3,2,3.4,9.5,
2017-07-28 15:34:29,Unicorn,L14,Unicorn+L14,NE,UNI,BEPA,1,UNI_L14_BEPA_1,67,1,B,"M
O
I",,,30,,,16.3,1,3.4,12.9,
2017-07-15 13:35:54,Dunphys Pond,N5,Dunphys Pond+N5,SE,DP,ABBA,2,DP_N5_ABBA_2,35,0.7,NB,,,,60,I started in the NW!,EC5B61AF-5751-4433-80C6-E2B1B649EB87,16.3,1,3.4,12.9,
2017-07-15 13:39:44,Dunphys Pond,N5,Dunphys Pond+N5,SE,DP,VAAN,2,DP_N5_VAAN_2,78,0.9,B,"I
M",Y,,30,,4CCD39C0-B41F-48BB-BC4C-9A951B253895,16.3,1,3.4,12.9,
2017-07-20 16:06:03,Dunphys Pond,I2,Dumphys Pond+I2,SE,DP,VAAN,2,DP_I2_VAAN_2,50,0.8,B,"H
I",Y,,20,,A085CB4F-BE81-4158-90DB-EDDCDB2A864B,16.3,2,,16.3,
2017-07-20 12:46:55,Dunphys Pond,L6,Dumphys Pond+L6,NE,DP,ACRU,1,DP_L6_ACRU_1,75,1.2,B,"M
I",,,50,Old moose browse,999E8E64-EDEF-4BD6-9B30-D99CE935E135,16.3,2,,16.3,
2017-07-28 13:33:22,Unicorn,C12,Unicorn+C12,NE,UNI,BEPA,1,UNI_C12_BEPA_1,160,1.8,B,"H
M",Y,,20,5 suckers,,16.5,1,3.4,13.1,
2017-07-20 10:26:14,Dunphys Pond,L12,Dumphys Pond+L12,SW,DP,BEPA,3,DP_L12_BEPA_3,78,1.2,NB,,,,50,Old moose browse,66641600-CDD7-4385-BBC7-3B45DF9D8D38,16.5,2,3.4,9.7,
2017-07-24 13:48:10,Bloomfield,A1,Bloomfield+A1,SE,BL,ACRU,1,BL_A1_ACRU_1,41,0.6,B,I,,,60,,ECBC1AB7-D7FB-4140-B292-AF1F2ACDCA27,16.6,1,3.4,13.2,
2017-07-28 11:47:23,TNNP North,A11,TNNP North+A11,NE,TN,ABBA,1,TN_A11_ABBA_1,41,1.2,B,M,,,40,Old moose browse ,,16.6,1,3.4,13.2,
2017-07-18 08:55:37,Dunphys Pond,C4,Dumphys Pond+C4,NE,DP,ACRU,1,DP_C4_ACRU_1,90,1.3,B,"H
M",Y,,20,,9934E6F6-D00B-4771-934C-8D85F4AF30A9,16.6,1,,16.6,
,Dunphys Pond,L6,Dumphys Pond+L6,SE,DP,ACRU,2,DP_L6_ACRU_2,76,1.1,B,"H
M
I",Y,,40,Old moose browse,,16.6,2,,16.6,
2017-07-20 15:33:32,Dunphys Pond,I2,Dumphys Pond+I2,NE,DP,VAAN,1,DP_I2_VAAN_1,43,0.5,B,"H
M
I",Y,,60,,F281CEE9-50B6-42D6-945E-6EB59E6C5DCC,16.7,2,,16.7,
2017-07-28 12:05:55,TNNP North,C4,TNNP North+C4,,TN,BEPA,3,TN_C4_BEPA_3,48,0.5,B,I,,,50,5 suckers,,16.8,1,3.4,13.4,
2017-07-14 12:22:36,Unicorn,A1,Unicorn+A1,SW,UNI,ACRU,3,UNI_A1_ACRU_3,93,1.1,NB,,Y,,20,,66E6F4AC-4668-4BE1-9BC3-FFA8F8090E73,16.8,1,,16.8,
2017-07-18 11:31:10,Dunphys Pond,C14,Dumphys Pond+C14,SW,DP,ACRU,3,DP_C14_ACRU_3,62,1.2,B,I,Y,,40,Old moose browse,D697AF6F-113B-4FFA-924E-72BC03AE394F,16.9,1,,16.9,
2017-07-23 14:54:24,TNNP North,I6,TNNP North+I6,NW,TN,VAAN,3,TN_I6_VAAN_3,69,0.4,B,"I
O",Y,,60,,A2B4EC96-1386-4EB0-AC05-8D5A66FB3DF3,17,2,3.4,10.2,
2017-07-28 09:31:14,TNNP North,F11,TNNP North+F11,NW,TN,ABBA,1,TN_F11_ABBA_1,72,1.7,NB,,,,30,Old H and M browse,,17,1,3.4,13.6,
2017-07-28 09:51:37,TNNP North,F13,TNNP North+F13,SW,TN,BEPA,1,TN_F13_BEPA_1,102,1.5,B,"M
I",Y,,30,"32 cm off the ground, growing out side of trunk

Old moose and hare browse

8 suckers",,17,1,3.4,13.6,
2017-07-14 11:34:57,Unicorn,A1,Unicorn+A1,NE,UNI,ABBA,1,UNI_A1_ABBA_1,34,1,NB,,,,90,Past moose browse,72588EA5-FF27-4E01-B4E3-AF0FE6B36C8C,17,1,,17,
2017-07-15 13:00:54,Dunphys Pond,A1,Dumphys Pond+A1,SW,DP,BEPA,2,DP_A1_BEPA_2,130,1.3,B,"H
M",,,20,,3435EEB5-9B61-416B-A5FB-D244C2750619,17.1,1,,17.1,
2017-07-28 08:32:11,TNNP North,F9,TNNP North+F9,SW,TN,VAAN,2,TN_F9_VAAN_2,60,0.5,B,"I
O",Y,,50,,,17.2,1,3.4,13.8,
,Dunphys Pond,N5,Dunphys Pond+N5,SE,DP,ACRU,2,DP_N5_ACRU_2,104,1.2,B,"M
I",Y,,,Growing off base of tree,,17.3,1,3.4,13.9,
,Dunphys Pond,N9,Dunphys Pond+N9,SE,DP,ACRU,2,DP_N9_ACRU_2,66,1.5,B,I,Y,,60,,,17.3,1,3.4,13.9,
2017-07-20 09:39:59,Dunphys Pond,L12,Dumphys Pond+L12,NE,DP,ABBA,1,DP_L12_ABBA_1,37,1.5,NB,,Y,,30,Old moose browse,D125C60A-84EB-448C-A7CB-6CF16A398697,17.3,2,3.4,10.5,
2017-07-28 11:48:20,TNNP North,A11,TNNP North+A11,NE,TN,VAAN,1,TN_A11_VAAN_1,34,0.5,B,"M
I
O",Y,Y,100,,,17.5,1,3.4,14.1,
,Dunphys Pond,N9,Dunphys Pond+N9,SE,DP,ABBA,2,DP_N9_ABBA_2,33,1,NB,,,,70,,,17.6,1,3.4,14.2,
,Dunphys Pond,L6,Dumphys Pond+L6,SE,DP,VAAN,2,DP_L6_VAAN_2,64,0.5,B,"I
O",Y,,30,Old moose browse,,17.6,2,,17.6,
2017-07-28 10:00:34,TNNP North,F13,TNNP North+F13,SW,TN,ACRU,1,TN_F13_ACRU_1,55,1.1,B,I,,,100,"Old hare and moose browse .

Cocoon in leaf",,17.7,1,3.4,14.3,
2017-07-14 12:39:40,Unicorn,A1,Unicorn+A1,NW,UNI,ABBA,4,UNI_A1_ABBA_4,59,1.7,NB,,,,20,,6231B52B-79FA-4EEA-AF51-5F4C2A442081,17.7,1,,17.7,
2017-07-15 13:46:04,Dunphys Pond,N5,Dunphys Pond+N5,SW,DP,VAAN,3,DP_N5_VAAN_3,60,0.7,B,"I
M",Y,,30,,989B2811-7814-455D-BDB3-92E1DB60A5E9,17.8,1,3.4,14.4,
2017-07-20 11:08:27,Dunphys Pond,L12,Dumphys Pond+L12,SW,DP,ACRU,3,DP_L12_ACRU_3,63,1,B,I,Y,,30,Old hare and moose browse,8FD25705-FBC9-48DF-9C94-2A64096416AA,17.8,2,3.4,11,
2017-07-23 10:56:18,TNNP North,F1,TNNP North+F1,NE,TN,VAAN,1,TN_F1_VAAN_1,48,0.7,B,"I
O",Y,,30,Old H browse,78D2B592-DA6C-4EAC-92BF-A5C6B968709E,17.9,2,3.4,11.1,
2017-07-19 12:19:05,Bloomfield,F5,Bloomfield+F5,SW,BL,VAAN,3,BL_F5_VAAN_3,76,1,B,"H
I
O",Y,,50,,F95621A2-B82E-42C0-81AD-367E43A80E04,17.9,1,,17.9,
2017-07-15 16:03:16,Dunphys Pond,A11,Dumphys Pond+A11,NW,DP,ACRU,4,DP_A11_ACRU_4,94,1,NB,,Y,,100,,1F7C0D1D-6A06-42D5-A85A-ECA03B462988,18.1,1,,18.1,
2017-07-20 16:20:26,Dunphys Pond,I2,Dumphys Pond+I2,NW,DP,ABBA,4,DP_I2_ABBA_4,40,0.6,B,M,,,50,,04F577C0-CDCE-42D1-B9D0-59C02319ACBD,18.2,2,,18.2,
2017-07-25 14:37:58,TNNP North,N7,TNNP North+N7,SE,TN,BEPA,2,TN_N7_BEPA_2,103,1,B,I,,,40,,4BEAD969-D148-4F96-8CFE-D334C72F0040,18.3,2,3.4,11.5,
2017-07-15 13:06:01,Dunphys Pond,A1,Dumphys Pond+A1,SW,DP,ABBA,1,DP_A1_ABBA_1,115,2.2,NB,,,,30,,F5B69841-90D1-4AB0-A617-63D03A04B833,18.3,1,,18.3,
2017-07-18 11:30:21,Dunphys Pond,C14,Dumphys Pond+C14,SW,DP,ABBA,3,DP_C14_ABBA_3,48,1.5,B,M,,,30,,426DA5D4-81A8-495A-96CC-C6199F983102,18.3,1,,18.3,
2017-07-18 10:50:28,Dunphys Pond,C14,Dumphys Pond+C14,NE,DP,ABBA,1,DP_C14_ABBA_1,49,0.8,NB,,,,30,,BABC3ECD-61F4-43EF-9BE2-8414B28BE94E,18.4,1,,18.4,
2017-07-28 10:42:31,TNNP North,I10,TNNP North+I10,NW,TN,BEPA,1,TN_I10_BEPA_1,101,1.9,B,"H
M
I",Y,,10,,,18.8,1,3.4,15.4,
2017-07-14 12:36:14,Unicorn,A1,Unicorn+A1,NW,UNI,ACRU,4,UNI_A1_ACRU_4,116,1.1,NB,,Y,,20,,680AF679-66E0-41A3-9FA4-750B085D3564,18.9,1,,18.9,
2017-07-28 10:33:24,TNNP North,G14,TNNP North+G14,NW,TN,BEPA,2,TN_G14_BEPA_2,131,0.8,B,"M
I",Y,,50,4 suckers,,19,1,3.4,15.6,
2017-07-28 09:27:24,TNNP North,L12,TNNP North+L12,SW,TN,ACRU,1,TN_L12_ACRU_1,78,1.2,B,"M
I",Y,,70,,,19.2,1,3.4,15.8,
,Dunphys Pond,N5,Dunphys Pond+N5,NE,DP,VAAN,1,DP_N5_VAAN_1,45,0.7,B,I,Y,Y,50,,,19.2,1,3.4,15.8,
2017-07-25 14:41:23,TNNP North,N7,TNNP North+N7,NW,TN,ABBA,3,TN_N7_ABBA_3,41,1.6,NB,,,,90,Old M browse,2643140D-E315-4F58-9BBC-0CF95DABDB02,19.3,2,3.4,12.5,
,Dunphys Pond,N9,Dunphys Pond+N9,NE,DP,ABBA,1,DP_N9_ABBA_1,31,0.5,NB,,,,60,,,19.3,1,3.4,15.9,
,Dunphys Pond,N9,Dunphys Pond+N9,NW,DP,ABBA,4,DP_N9_ABBA_4,42,0.9,NB,,,,80,,,19.3,1,3.4,15.9,
,Dunphys Pond,L6,Dumphys Pond+L6,SW,DP,ACRU,3,DP_L6_ACRU_3,84,1.1,B,"M
I
O",,,30,,,19.3,2,,19.3,
2017-07-23 14:39:04,TNNP North,I6,TNNP North+I6,NE,TN,ACRU,1,TN_I6_ACRU_1,94,0.5,B,I,,,40,,73A29AA8-B0AF-4378-A076-B1FCC868C6F8,19.5,2,3.4,12.7,
2017-07-28 11:54:28,TNNP North,A11,TNNP North+A11,NE,TN,BEPA,1,TN_A11_BEPA_1,53,0.9,B,I,,,60,Old moose browse ,,19.5,1,3.4,16.1,
,Dunphys Pond,L6,Dumphys Pond+L6,NW,DP,ACRU,4,DP_L6_ACRU_4,77,0.8,B,"M
I",Y,,40,,,19.5,2,,19.5,
2017-07-23 11:41:53,TNNP North,F1,TNNP North+F1,SW,TN,BEPA,3,TN_F1_BEPA_3,121,1,B,I,,,20,Old M browse,21205B95-92B0-448D-8409-44BEA598203A,19.6,2,3.4,12.8,
,Dunphys Pond,N5,Dunphys Pond+N5,NW,DP,BEPA,1,DP_N5_BEPA_1,52,2.4,B,I,,,50,,,19.6,1,3.4,16.2,
2017-07-20 16:33:50,Dunphys Pond,I2,Dumphys Pond+I2,NW,DP,ACRU,2,DP_I2_ACRU_2,105,1.6,B,"I
H
M",Y,,40,,1C762420-779B-497E-8480-BBE8A41FC466,19.6,2,,19.6,
2017-07-15 13:59:51,Dunphys Pond,N5,Dunphys Pond+N5,SW,DP,ACRU,3,DP_N5_ACRU_3,102,1.3,B,"I
M",Y,,30,,7084C4C4-FC23-4328-8463-89A7CCEDF823,19.8,1,3.4,16.4,
2017-07-28 11:22:41,TNNP North,C10,TNNP North+C10,SW,TN,ABBA,3,TN_C10_ABBA_3,49,1.6,B,M,,,20,,,19.9,1,3.4,16.5,
2017-07-15 12:56:25,Dunphys Pond,A1,Dumphys Pond+A1,SW,DP,BEPA,1,DP_A1_BEPA_1,82,0.9,B,"H
I",,,20,,E8E16DF2-FE75-42DD-8EE6-F8A2EA8C809D,20.3,1,,20.3,
2017-07-23 11:40:52,TNNP North,F1,TNNP North+F1,SW,TN,VAAN,3,TN_F1_VAAN_3,47,0.5,B,"I
O",Y,,20,Old H browse,CDE7F62C-BAAC-443F-84D3-16CAFB6178F6,20.7,2,3.4,13.9,
2017-07-20 16:24:17,Dunphys Pond,I2,Dumphys Pond+I2,NW,DP,BEPA,3,DP_I2_BEPA_3,143,1.6,B,"H
M
I",,,20,,72CDBDCE-A29C-4C13-B759-638EF0F36361,20.8,2,,20.8,
2017-07-28 11:47:08,TNNP North,C4,TNNP North+C4,NE,TN,ABBA,1,TN_C4_ABBA_1,84,2.2,B,M,,,30,,,21,1,3.4,17.6,
2017-07-28 10:54:13,TNNP North,C10,TNNP North+C10,NE,TN,ABBA,1,TN_C10_ABBA_1,45,1.8,B,"M
H",,,20,,,21.3,1,3.4,17.9,
2017-07-18 08:50:42,Dunphys Pond,C4,Dumphys Pond+C4,NE,DP,ABBA,1,DP_C4_ABBA_1,51,1.4,B,M,,,30,,CB4EB043-32F5-42B7-B0A6-EABC4CBFB468,21.4,1,,21.4,
2017-07-28 10:06:53,TNNP North,F13,TNNP North+F13,NW,TN,ABBA,2,TN_F13_ABBA_2,50,1.8,NB,,,,50,"Old moose browse 

Growing under fallen log (squished).  Took terminal leader",,21.6,1,3.4,18.2,
2017-07-25 14:34:06,TNNP North,N7,TNNP North+N7,NE,TN,ABBA,1,TN_N7_ABBA_1,39,1.8,NB,,,,50,"Old M browse, in SB",754D47A8-4153-41DF-9F75-D9E60832B642,21.8,2,3.4,15,
2017-07-25 14:42:11,TNNP North,N7,TNNP North+N7,NW,TN,ACRU,4,TN_N7_ACRU_4,30,1.5,B,"M
I",,,60,,9826FBC2-39F1-4780-A213-AC29231592F6,21.8,2,3.4,15,
2017-07-23 13:58:14,TNNP North,I6,TNNP North+I6,NE,TN,ABBA,1,TN_I6_ABBA_1,47,1.2,B,M,,,30,In SB,9E5F4478-981C-46B8-8187-2D763EE538A0,21.9,2,3.4,15.1,
2017-07-23 10:57:01,TNNP North,F1,TNNP North+F1,NE,TN,BEPA,1,TN_F1_BEPA_1,65,2,B,I,,,50,Old M browse,8032EFCF-A7E3-4CB1-B7AD-67A6562DF38D,22,2,3.4,15.2,
2017-07-20 16:05:49,Dunphys Pond,I2,Dumphys Pond+I2,SE,DP,ABBA,2,DP_I2_ABBA_2,51,1.5,B,M,,,20,,6B92F533-0CBB-43F5-9E17-AB65F90D7BB6,22.4,2,,22.4,
2017-07-14 14:35:12,Unicorn,A7,Unicorn+A7,SW,UNI,ACRU,1,UNI_A7_ACRU_1,98,1,B,H,Y,,20,,A7100E55-8CB0-4335-9016-D98AA9680BD1,22.8,1,,22.8,
2017-07-18 11:42:00,Dunphys Pond,C14,Dumphys Pond+C14,NW,DP,ABBA,4,DP_C14_ABBA_4,73,2,B,M,,,20,,E39FBAF2-3AED-4EAF-AB2F-89EA892FA817,23,1,,23,
2017-07-20 10:09:16,Dunphys Pond,L12,Dumphys Pond+L12,NE,DP,BEPA,1,DP_L12_BEPA_1,87,1,B,"M
I",Y,,20,Went back after ID-ing one in SE,15D0F350-2B6E-4838-B5A2-00ABCB49CA37,23.1,2,3.4,16.3,
2017-07-28 08:35:56,TNNP North,F9,TNNP North+F9,SW,TN,BEPA,1,TN_F9_BEPA_1,199,1.6,B,"M
H
I",Y,,100,"Growing at base of tree. 5,suckers on same hummock. Hare and moose browse on smaller suckers",,23.3,1,3.4,19.9,
,Dunphys Pond,N9,Dunphys Pond+N9,SW,DP,ABBA,3,DP_N9_ABBA_3,29,0.9,NB,,,,90,,,23.6,1,3.4,20.2,
,Dunphys Pond,N9,Dunphys Pond+N9,NE,DP,BEPA,1,DP_N9_BEPA_1,41,0.5,NB,,,,90,,,23.8,1,3.4,20.4,
2017-07-20 11:31:18,Dunphys Pond,L12,Dumphys Pond+L12,NW,DP,ABBA,4,DP_L12_ABBA_4,84,1.2,NB,,,,30,Old moose browse,81D408E0-0BE1-4394-B316-1618330617A3,23.8,2,3.4,17,
2017-07-18 09:35:17,Dunphys Pond,C4,Dumphys Pond+C4,SW,DP,BEPA,1,DP_C4_BEPA_1,60,0.3,B,"I
M",,,40,Growing at base of older tree,9A763669-A5EA-482F-87A8-13B4ED76FA0A,24,1,,24,
2017-07-23 11:13:32,TNNP North,F1,TNNP North+F1,SE,TN,BEPA,2,TN_F1_BEPA_2,132,2.1,B,"M
I",Y,,30,Old M browse,F0611DC4-3A1D-45F0-A367-01448EB126FC,24.3,2,3.4,17.5,
,Dunphys Pond,L6,Dumphys Pond+L6,SE,DP,ABBA,2,DP_L6_ABBA_2,48,0.7,NB,,,,80,Old other browse,,24.4,2,,24.4,
2017-07-23 11:19:47,TNNP North,F1,TNNP North+F1,SE,TN,VAAN,2,TN_F1_VAAN_2,50,0.4,B,"I
O",Y,,40,,595C41FD-56DE-4046-AD9D-85BA187AF065,24.6,2,3.4,17.8,
2017-07-25 14:38:28,TNNP North,N7,TNNP North+N7,SW,TN,VAAN,2,TN_N7_VAAN_2,74,0.7,B,I,,,30,In SB,C04BC874-7D24-442C-B6FC-CC2E27C9984E,24.7,2,3.4,17.9,
2017-07-28 12:04:04,TNNP North,C4,TNNP North+C4,NW,TN,ACRU,3,TN_C4_ACRU_3,119,1.7,B,"M
I
H",Y,,20,,,24.8,1,3.4,21.4,
2017-07-24 13:50:22,Bloomfield,A1,Bloomfield+A1,SW,BL,BEPA,3,BL_A1_BEPA_3,75,0.5,B,I,Y,,30,"Old H browse, growing at base of larger tree",D3082082-6277-4297-8B24-D742048677F4,24.9,1,3.4,21.5,
2017-07-28 14:42:09,Unicorn,F3,Unicorn+F3,NW,UNI,BEPA,3,UNI_F3_BEPA_3,117,1.4,B,I,Y,,40,"Old M browse

8 suckers",,25,1,3.4,21.6,
2017-07-25 09:30:28,TNNP North,N7,TNNP North+N7,NE,TN,BEPA,1,TN_N7_BEPA_1,109,1.1,B,"M
I",Y,,20,"Old H and M browse, growing from base of larger tree",FF6D9EA2-1F87-4EE8-B900-BDBF8F55572D,25.5,2,3.4,18.7,
2017-07-23 14:47:33,TNNP North,I6,TNNP North+I6,NW,TN,ABBA,2,TN_I6_ABBA_2,75,1.1,NB,,,,40,,056125D8-104E-442D-87EC-DA1D039951A9,26.1,2,3.4,19.3,
2017-07-25 11:09:23,TNNP North,N9,TNNP North+N9,NE,TN,ABBA,1,TN_N9_ABBA_1,73,1.3,NB,,,,10,Old M browse,A8FE6841-8E78-4485-BC48-A2C72B43F535,27.1,2,3.4,20.3,
2017-07-25 12:15:28,TNNP North,N9,TNNP North+N9,NW,TN,BEPA,3,TN_N9_BEPA_3,102,1.7,B,"M
I",,,30,Old M browse,AB5F8DB3-EDD4-430C-8CBB-24FD594A5762,27.2,2,3.4,20.4,
2017-07-25 14:40:48,TNNP North,N7,TNNP North+N7,SW,TN,ACRU,3,TN_N7_ACRU_3,99,1.2,B,I,,,40,Old M browse,B8F43046-FBE4-4AD8-ABCF-6EAABCB8CB5D,27.6,2,3.4,20.8,
2017-07-23 13:13:49,TNNP North,F3,TNNP North+F3,SW,TN,BEPA,1,TN_F3_BEPA_1,136,1.2,B,"H
I",Y,,30,Growing at base of older tree,BE87700B-F8A1-4331-90D1-254B4777A2E6,27.8,2,3.4,21,
2017-07-25 14:39:22,TNNP North,N7,TNNP North+N7,SW,TN,BEPA,3,TN_N7_BEPA_3,111,2,B,I,,,20,Old M browse,B631E54A-D304-4FF3-AC23-C28F8D11396E,28.1,2,3.4,21.3,
2017-07-20 10:17:00,Dunphys Pond,L12,Dumphys Pond+L12,SE,DP,BEPA,2,DP_L12_BEPA_2,158,1.5,B,"M
I",Y,,10,"Old moose browse, growing from larger fallen tree",ACFB6E29-3B50-44D4-84B3-2DD6D50C866D,29.2,2,3.4,22.4,
2017-07-14 11:28:17,Unicorn,A1,Unicorn+A1,NE,UNI,ACRU,1,UNI_A1_ACRU_1,81,1.7,NB,,Y,,30,Past browse by moose,B587821B-5446-4FB9-B66A-A13DA0E8A937,29.6,1,,29.6,
2017-07-23 11:42:29,TNNP North,F1,TNNP North+F1,NW,TN,BEPA,4,TN_F1_BEPA_4,150,3.5,B,"I
M",Y,,10,Old M browse,171D2B74-8D8E-438D-92FA-7C62A1B913BA,29.8,2,3.4,23,
2017-07-25 14:40:00,TNNP North,N7,TNNP North+N7,SW,TN,ABBA,2,TN_N7_ABBA_2,41,1.2,B,M,,,80,Old M brwse,995A87E0-251E-4717-B769-76323056CB6A,30.6,2,3.4,23.8,
,Dunphys Pond,N9,Dunphys Pond+N9,SW,DP,BEPA,2,DP_N9_BEPA_2,59,0.3,B,"M
I",,,30,,,30.9,1,3.4,27.5,
2017-07-20 09:46:41,Dunphys Pond,L12,Dumphys Pond+L12,SE,DP,ABBA,2,DP_L12_ABBA_2,35,1.2,NB,,,,20,Old hare and moose browse,047D773E-B8C6-4A1B-A199-544BB8EBDAD1,31,2,3.4,24.2,
2017-07-28 09:40:43,TNNP North,L14,TNNP North+L14,NE,TN,BEPA,1,TN_L14_BEPA_1,130,2.1,B,"I
M",,,20,,,31.9,1,,31.9,
2017-07-25 12:12:14,TNNP North,N9,TNNP North+N9,NW,TN,ABBA,4,TN_N9_ABBA_4,73,1.1,B,M,,,20,Old M browse,8E8BCE19-68D2-4F8B-9F04-A33B02D2B845,33.9,2,3.4,27.1,
2017-07-23 11:08:18,TNNP North,F1,TNNP North+F1,SE,TN,ABBA,1,TN_F1_ABBA_1,137,4.2,B,M,Y,,20,Chlorotic ,F1321437-2D8B-4A0A-9BF1-93ACA191F717,40.2,2,3.4,33.4,
2017-07-27 11:19:22,Bloomfield,C2,Bloomfield+C2,NE,BL,VAAN,1,BL_C2_VAAN_1,21,0.1,B,"I
O",Y,,100,Check Screenshots ,,,,,,
2017-07-28 10:54:47,TNNP North,C14,TNNP North+C14,NE,TN,ABBA,1,TN_C14_ABBA_1,45,0.5,B,"I
O",Y,Y,100,,,,,,,
2017-08-08 13:18:22,Bloomfield,A7,Bloomfield+A7,NE,BL,VAAN,5,BL_A7_VAAN_5,36,0.4,B,"H
O",,,100,,,8.8,1,3.6,5.2,
2017-08-08 13:29:06,Bloomfield,A7,Bloomfield+A7,SE,BL,VAAN,6,BL_A7_VAAN_6,16,0.1,,O,Y,,100,,,6.2,1,3.6,2.6,
2017-08-08 15:02:23,Bloomfield,C2,Bloomfield+C2,NE,BL,ACRU,5,BL_C2_ACRU_5,27,1.1,B,H,,,100,,,7.8,1,3.6,4.2,
2017-08-08 15:05:13,Bloomfield,C2,Bloomfield+C2,SW,BL,ACRU,6,BL_C2_ACRU_6,27,0.4,B,M,,,100,,,6.9,1,3.6,3.3,
2017-08-08 15:09:57,Bloomfield,C2,Bloomfield+C2,SW,BL,ACRU,7,BL_C2_ACRU_7,32,0.3,B,"H
I",,,100,,,6.9,1,3.6,3.3,
2017-08-08 15:14:20,Bloomfield,C2,Bloomfield+C2,NW,BL,ACRU,8,BL_C2_ACRU_8,38,0.8,B,"H
I",Y,,100,,,7.9,1,3.6,4.3,
2017-08-08 14:54:13,Bloomfield,C2,Bloomfield+C2,NW,BL,BEPA,5,BL_C2_BEPA_5,47,0.2,B,I,,,100,34 cm up on BEPA,,7,1,3.6,3.4,
2017-08-08 14:57:33,Bloomfield,C2,Bloomfield+C2,NE,BL,VAAN,5,BL_C2_VAAN_5,23,0.4,B,I,Y,,100,,,6.1,1,3.6,2.5,
2017-08-08 15:07:20,Bloomfield,C2,Bloomfield+C2,SW,BL,VAAN,6,BL_C2_VAAN_6,30,0.2,B,"H
O",Y,,100,,,5.6,1,3.6,2,
2017-08-08 15:11:57,Bloomfield,C2,Bloomfield+C2,NW,BL,VAAN,7,BL_C2_VAAN_7,38,0.3,B,"H
I
O",Y,,100,,,5.8,1,3.6,2.2,
2017-08-08 15:16:36,Bloomfield,C2,Bloomfield+C2,SE,BL,VAAN,8,BL_C2_VAAN_8,25,0.2,B,"I
O",Y,,100,,,5.4,1,3.6,1.8,
2017-08-08 15:18:33,Bloomfield,C2,Bloomfield+C2,SE,BL,VAAN,9,BL_C2_VAAN_9,27,0.3,B,"H
I",Y,,100,,,5.2,1,3.6,1.6,
2017-08-08 14:30:38,Bloomfield,C4,Bloomfield+C4,NW,BL,BEPA,5,BL_C4_BEPA_5,59,0.3,,I,,,100,8 suckers total,,15.1,1,3.6,11.5,
2017-08-08 14:44:55,Bloomfield,C4,Bloomfield+C4,SW,BL,BEPA,6,BL_C4_BEPA_6,28,0.6,B,"M
I",,,100,,,4.9,1,3.6,1.3,
2017-08-08 14:36:58,Bloomfield,C4,Bloomfield+C4,NE,BL,VAAN,5,BL_C4_VAAN_5,30,0.2,B,"H
I",Y,,100,,,7.4,1,3.6,3.8,
2017-08-08 14:40:02,Bloomfield,C4,Bloomfield+C4,SE,BL,VAAN,6,BL_C4_VAAN_6,25,0.6,B,O,Y,,100,,,6.5,1,3.6,2.9,
2017-08-08 14:42:47,Bloomfield,C4,Bloomfield+C4,SW,BL,VAAN,7,BL_C4_VAAN_7,33,0.5,B,"H
I",Y,,100,,,10.6,1,3.6,7,
2017-08-08 14:48:49,Bloomfield,C4,Bloomfield+C4,NE,BL,VAAN,8,BL_C4_VAAN_8,33,0.7,NB,,Y,,100,,,10.6,1,3.6,7,
2017-08-08 14:10:53,Bloomfield,C6,Bloomfield+C6,NE,BL,BEPA,5,BL_C6_BEPA_5,33,1.1,NB,,,,100,,,7.6,1,3.6,4,
2017-08-08 14:26:07,Bloomfield,C6,Bloomfield+C6,NE,BL,BEPA,6,BL_C6_BEPA_6,13,0.1,NB,,,,100,,,3.9,1,3.6,0.3,
2017-08-08 14:13:24,Bloomfield,C6,Bloomfield+C6,NE,BL,VAAN,5,BL_C6_VAAN_5,41,0.5,B,"I
O",Y,,100,,,14.2,1,3.6,10.6,
2017-08-08 14:19:43,Bloomfield,C6,Bloomfield+C6,SW,BL,VAAN,6,BL_C6_VAAN_6,20,0.3,B,"H
I
O",Y,,100,,,5.2,1,3.6,1.6,
2017-08-08 14:23:34,Bloomfield,C6,Bloomfield+C6,NW,BL,VAAN,7,BL_C6_VAAN_7,20,0.2,B,"H
O
I",Y,,100,,,5.9,1,3.6,2.3,
2017-08-08 13:45:36,Bloomfield,C8,Bloomfield+C8,SE,BL,ACRU,1,BL_C8_ACRU_1,56,0.5,B,"H
O",Y,,100,,,12.1,1,3.6,8.5,
2017-08-08 13:50:44,Bloomfield,C8,Bloomfield+C8,SW,BL,ACRU,2,BL_C8_ACRU_2,17,0.7,B,I,,,100,Old hare/ moose browse ,,5.9,1,3.6,2.3,
2017-08-08 14:03:44,Bloomfield,C8,Bloomfield+C8,NW,BL,ACRU,3,BL_C8_ACRU_3,46,0.5,B,O,,,100,,,5.3,1,3.6,1.7,
2017-08-08 13:41:31,Bloomfield,C8,Bloomfield+C8,NE,BL,VAAN,5,BL_C8_VAAN_5,26,0.2,B,"H
I",Y,,100,,,5.1,1,3.6,1.5,
2017-08-08 13:56:32,Bloomfield,C8,Bloomfield+C8,SW,BL,VAAN,6,BL_C8_VAAN_6,14,0.1,B,"I
O",,,100,,,4.4,1,3.6,0.8,
2017-08-08 13:59:41,Bloomfield,C8,Bloomfield+C8,NW,BL,VAAN,7,BL_C8_VAAN_7,41,0.8,B,"H
I
O",Y,,80,,,13.7,1,3.6,10.1,
2017-08-08 15:25:18,Bloomfield,E1,Bloomfield+E1,SW,BL,BEPA,5,BL_E1_BEPA_5,28,1.1,B,"M
I",,,100,,,8.8,1,3.6,5.2,
2017-08-08 15:28:26,Bloomfield,E1,Bloomfield+E1,SW,BL,BEPA,6,BL_E1_BEPA_6,28,0.3,B,"H
I",Y,,100,,,4.7,1,3.6,1.1,
2017-08-08 15:34:01,Bloomfield,E1,Bloomfield+E1,SW,BL,BEPA,7,BL_E1_BEPA_7,70,0.8,B,"M
I
H",,,100,,,12.7,1,3.6,9.1,
2017-08-08 15:30:16,Bloomfield,E1,Bloomfield+E1,SW,BL,VAAN,5,BL_E1_VAAN_5,21,0.4,B,"I
O",Y,,100,,,10.4,1,3.6,6.8,
2017-08-08 15:38:00,Bloomfield,E1,Bloomfield+E1,NE,BL,VAAN,5,BL_E1_VAAN_5,22,0.6,B,"H
M",Y,,100,,,6.3,1,3.6,2.7,
2017-08-08 15:40:27,Bloomfield,E1,Bloomfield+E1,NE,BL,VAAN,6,BL_E1_VAAN_6,36,0.5,B,"M
H
I",Y,,100,,,8.3,1,3.6,4.7,
2017-08-08 15:46:09,Bloomfield,E1,Bloomfield+E1,SE,BL,VAAN,7,BL_E1_VAAN_7,25,0.3,B,"M
I",Y,,100,,,8.8,1,3.6,5.2,
2017-08-08 16:10:48,Bloomfield,F13,Bloomfield+F13,SE,BL,BEPA,5,BL_F13_BEPA_5,69,0.3,B,I,Y,,100,"Height up on BEPA 36c,",,6.1,1,3.6,2.5,
2017-08-08 16:04:01,Bloomfield,F13,Bloomfield+F13,SW,BL,VAAN,5,BL_F13_VAAN_5,35,0.6,B,"O
I",Y,,100,,,8.8,1,3.6,5.2,
2017-08-08 16:08:04,Bloomfield,F13,Bloomfield+F13,NW,BL,VAAN,6,BL_F13_VAAN_6,42,0.6,B,"H
M
I
O",Y,,100,,,8.2,1,3.6,4.6,
2017-08-08 16:27:05,Bloomfield,I10,Bloomfield+I10,SW,BL,VAAN,5,BL_I10_VAAN_5,23,0.3,B,"O
I
H",Y,,100,,,7.7,1,3.6,4.1,
2017-08-08 16:30:34,Bloomfield,I10,Bloomfield+I10,SW,BL,VAAN,6,BL_I10_VAAN_6,30,0.6,B,"M
H
O
I",Y,,100,,,10.5,1,3.6,6.9,
2017-08-08 16:56:12,Bloomfield,I6,Bloomfield+I6,SE,BL,ACRU,5,BL_I6_ACRU_5,37,0.7,B,"H
M
I",Y,,100,,,9.5,1,3.6,5.9,
2017-08-08 16:58:00,Bloomfield,I6,Bloomfield+I6,SE,BL,ACRU,6,BL_I6_ACRU_6,37,0.9,B,"H
M
I",Y,,100,,,11.1,1,3.6,7.5,
2017-08-08 17:02:51,Bloomfield,I6,Bloomfield+I6,SE,BL,ACRU,7,BL_I6_ACRU_7,57,0.6,B,"H
M
I",,,100,,,11.3,1,3.6,7.7,
2017-08-08 16:53:40,Bloomfield,I6,Bloomfield+I6,NE,BL,BEPA,5,BL_I6_BEPA_5,35,0.2,B,I,Y,,100,,,5.2,1,3.6,1.6,
2017-08-08 16:47:53,Bloomfield,I6,Bloomfield+I6,NE,BL,VAAN,5,BL_I6_VAAN_5,22,0.9,B,"H
I",Y,,100,,,11.5,1,3.6,7.9,
2017-08-08 16:49:46,Bloomfield,I6,Bloomfield+I6,NE,BL,VAAN,6,BL_I6_VAAN_6,42,0.4,B,"H
M
I",Y,,100,,,10.6,1,3.6,7,
2017-08-08 17:12:28,Bloomfield,J1,Bloomfield+J1,SE,BL,VAAN,5,BL_J1_VAAN_5,37,0.4,B,"I
O",Y,,100,,,7.9,1,3.6,4.3,
2017-08-08 17:14:09,Bloomfield,J1,Bloomfield+J1,SW,BL,VAAN,6,BL_J1_VAAN_6,59,0.6,B,"H
I",Y,,100,,,10.4,1,3.6,6.8,
2017-08-08 09:54:43,Bloomfield,N1,Bloomfield+N1,NE,BL,ACRU,5,BL_N1_ACRU_5,52,0.4,B,I,,,100,,,13.2,2,3.6,6,
2017-08-08 17:29:29,Bloomfield,N1,Bloomfield+N1,NE,BL,ACRU,6,BL_N1_ACRU_6,43,0.6,B,"I
H
M",Y,,100,,,7.9,1,3.6,4.3,
2017-08-08 18:06:50,Bloomfield,N11,Bloomfield+N11,SE,BL,ABBA,1,BL_N11_ABBA_1,17,0.6,B,"O
I",,,100,,,9.2,1,3.6,5.6,
2017-08-08 18:16:58,Bloomfield,N11,Bloomfield+N11,SW,BL,ACRU,1,BL_N11_ACRU_1,48,1,B,"M
I",,,100,,,10.5,1,3.6,6.9,
2017-08-08 18:23:22,Bloomfield,N11,Bloomfield+N11,NW,BL,BEPA,1,BL_N11_BEPA_1,46,0.4,B,H,Y,,100,10 suckers,,6.8,1,3.6,3.2,
2017-08-08 18:28:39,Bloomfield,N11,Bloomfield+N11,NW,BL,BEPA,2,BL_N11_BEPA_2,46,0.7,B,"I
M",Y,,100,"Sucker to BEPA_1, growing from same tree",,10.8,1,3.6,7.2,
2017-08-08 18:30:31,Bloomfield,N11,Bloomfield+N11,NW,BL,BEPA,3,BL_N11_BEPA_3,39,0.4,B,"I
H
M",,,100,"Sucker to BEPA_1, growing from same tree",,7.1,1,3.6,3.5,
2017-08-08 18:03:17,Bloomfield,N11,Bloomfield+N11,NE,BL,VAAN,1,BL_N11_VAAN_1,38,0.5,B,"H
M
I",Y,,100,,,7.9,1,3.6,4.3,
2017-08-08 18:09:20,Bloomfield,N11,Bloomfield+N11,SE,BL,VAAN,2,BL_N11_VAAN_2,42,0.7,B,"M
H
I",Y,,100,,,10.1,1,3.6,6.5,
2017-08-08 18:12:18,Bloomfield,N11,Bloomfield+N11,SW,BL,VAAN,3,BL_N11_VAAN_3,39,0.4,B,"H
I",Y,,100,,,14,1,3.6,10.4,
2017-08-08 18:21:20,Bloomfield,N11,Bloomfield+N11,NW,BL,VAAN,4,BL_N11_VAAN_4,31,0.5,B,"H
M
I",Y,Y,100,,,8,1,3.6,4.4,
2017-08-08 17:39:07,Bloomfield,N3,Bloomfield+N3,SW,BL,VAAN,5,BL_N3_VAAN_5,28,0.4,B,"I
O",Y,,100,,,5.8,1,3.6,2.2,
2017-08-08 17:41:34,Bloomfield,N3,Bloomfield+N3,NW,BL,VAAN,6,BL_N3_VAAN_6,27,0.2,B,"I
M",Y,,100,,,7.1,1,3.6,3.5,
2017-08-08 17:50:19,Bloomfield,N7,Bloomfield+N7,NE,BL,VAAN,5,BL_N7_VAAN_5,19,0.3,B,"H
I",Y,,100,,,6.8,1,3.6,3.2,
2017-08-08 17:52:24,Bloomfield,N7,Bloomfield+N7,SE,BL,VAAN,6,BL_N7_VAAN_6,28,0.5,B,"M
H
I",Y,,100,,,10.1,1,3.6,6.5,
2017-08-09 14:22:52,Dunphys Pond,I10,Dunphys Pond+I10,NE,DP,ACRU,1,DP_I10_ACRU_1,81,0.9,B,"M
I
H",,,40,,,19.8,2,3.6,12.6,
2017-08-09 14:31:32,Dunphys Pond,I10,Dunphys Pond+I10,NE,DP,VAAN,1,DP_I10_VAAN_1,35,0.3,B,I,Y,,100,Old M browse,,10.1,2,3.6,2.9,
2017-08-09 14:34:35,Dunphys Pond,I10,Dunphys Pond+I10,NE,DP,ABBA,1,DP_I10_ABBA_1,13,0.3,B,I,,,100,Old H browse,,9.8,2,3.6,2.6,
2017-08-09 14:47:15,Dunphys Pond,I10,Dunphys Pond+I10,SE,DP,ACRU,2,DP_I10_ACRU_2,38,1.1,B,"I
H
M",Y,,90,,,14.8,2,3.6,7.6,
2017-08-09 14:51:22,Dunphys Pond,I10,Dunphys Pond+I10,SE,DP,VAAN,2,DP_I10_VAAN_2,32,0.3,B,"H
I",Y,,,,,10.2,2,3.6,3,
2017-08-09 14:56:43,Dunphys Pond,I10,Dunphys Pond+I10,SE,DP,ABBA,2,DP_I10_ABBA_2,19,0.5,B,M,,,100,,,11.6,2,3.6,4.4,
2017-08-09 15:03:26,Dunphys Pond,I10,Dunphys Pond+I10,SW,DP,BEPA,1,DP_I10_BEPA_1,69,0.7,B,"I
H",,,100,"Growing from larger tree
3 suckers",,19.7,2,3.6,12.5,
2017-08-09 15:08:52,Dunphys Pond,I10,Dunphys Pond+I10,SW,DP,ACRU,3,DP_I10_ACRU_3,36,0.7,B,"I
M",Y,,70,,,14.9,2,3.6,7.7,
2017-08-09 15:16:03,Dunphys Pond,I10,Dunphys Pond+I10,SW,DP,ABBA,3,DP_I10_ABBA_3,14,0.2,B,I,,,100,,,8.8,2,3.6,1.6,
2017-08-09 15:24:13,Dunphys Pond,I10,Dunphys Pond+I10,NW,DP,ACRU,4,DP_I10_ACRU_4,47,0.7,B,"I
M",Y,,80,Bird droppings on a leaf,,16.8,2,3.6,9.6,
2017-08-09 15:29:29,Dunphys Pond,I10,Dunphys Pond+I10,NW,DP,BEPA,2,DP_I10_BEPA_2,59,0.3,B,I,,,100,"Lots of H browse on suckers
17 suckers",,14.7,2,3.6,7.5,
2017-08-09 15:36:22,Dunphys Pond,I10,Dunphys Pond+I10,NW,DP,ABBA,4,DP_I10_ABBA_4,14,0.4,B,M,,,100,,,9,2,3.6,1.8,
2017-08-09 15:40:21,Dunphys Pond,I10,Dunphys Pond+I10,NW,DP,VAAN,3,DP_I10_VAAN_3,32,0.3,B,"O
I",,,100,Old H browse,,10,2,3.6,2.8,
